deal_id,cik,company,ticker,tickers_all,exchange,sic,anchor_form,anchor_date,ann_form,ann_adsh,ann_accepted_et,pr_date,first_same_day_accept_et,consideration,cash,ratio,cvr,cvr_max,premium_pct,premium_ref,tickers_mentioned,cash_candidates,score,status
1350653-2010-02-12,1350653,"Alphatec Holdings, Inc.",ATEC,ATEC,Nasdaq,3841,DEFM14A,2010-02-12,,,,,,,,,,,,,,,,no_announcement_found
1014739-2010-02-08,1014739,"BioScrip, Inc.",OPCH,OPCH,Nasdaq,8082,PREM14A,2010-02-08,,,,,,,,,,,,,,,,no_announcement_found
1014739-2019-04-30,1014739,"BioScrip, Inc.",OPCH,OPCH,Nasdaq,8082,PREM14A,2019-04-30,,,,,,,,,,,,,,,,no_announcement_found
784539-2010-01-08,784539,EACO CORP,EACO,EACO,OTC,5065,DEFM14A,2010-01-08,,,,,,,,,,,,,,,,no_announcement_found
72444-2010-02-04,72444,NABI  BIOPHARMACEUTICALS,VXRT,VXRT,OTC,2836,DEFM14A,2010-02-04,,,,,,,,,,,,,,,,no_announcement_found
72444-2012-06-08,72444,NABI BIOPHARMACEUTICALS,VXRT,VXRT,OTC,2836,PREM14A,2012-06-08,,,,,,,,,,,,,,,,no_announcement_found
912544-2010-01-29,912544,HOLLYWOOD MEDIA CORP,NSTM,NSTM,OTC,5990,PREM14A,2010-01-29,DEFA14A,0001144204-09-066587,2009-12-29T08:01:01-05:00,2009-12-29,2009-12-29T08:01:01-05:00,,,,,,,,HOLL,,3,no_terms
929351-2010-03-12,929351,LIONS GATE ENTERTAINMENT CORP /CN/,STRZ,STRZ,Nasdaq,7812,SC 14D9,2010-03-12,,,,,,,,,,,,,,,,no_announcement_found
1335258-2010-02-12,1335258,"Live Nation Entertainment, Inc.",LYV,LYV,NYSE,7900,SC 14D9,2010-02-12,,,,,,,,,,,,,,,,no_announcement_found
1042776-2010-02-22,1042776,"Piedmont Office Realty Trust, Inc.",PDM,PDM,NYSE,6512,SC 14D9,2010-02-22,8-K,0001193125-09-243222,2009-11-27T15:48:28-05:00,2009-11-27,2009-11-27T15:48:28-05:00,,,,,,,,,,3,no_terms
924383-2010-04-13,924383,LRAD Corp,GNSS,GNSS,Nasdaq,3651,PREM14A,2010-04-13,,,,,,,,,,,,,,,,no_announcement_found
1100682-2010-06-01,1100682,CHARLES RIVER LABORATORIES INTERNATIONAL INC,CRL,CRL,NYSE,8731,PREM14A,2010-06-01,,,,,,,,,,,,,,,,no_announcement_found
1393726-2010-04-13,1393726,Care Investment Trust Inc.,TIPT,TIPT,Nasdaq,6331,PREM14A,2010-04-13,,,,,,,,,,,,,,,,no_announcement_found
1393726-2025-10-17,1393726,TIPTREE INC.,TIPT,TIPT,Nasdaq,6331,PREM14A,2025-10-17,8-K,0001393726-25-000007,2025-02-10T16:04:02-05:00,2025-02-10,2025-02-10T16:04:02-05:00,,,,,,,,,,3,no_terms
726958-2010-06-08,726958,CASEYS GENERAL STORES INC,CASY,CASY,Nasdaq,5500,SC 14D9,2010-06-08,,,,,,,,,,,,,,,,no_announcement_found
786035-2010-05-05,786035,LIBERTY ALL STAR GROWTH FUND INC.,ASG,ASG,NYSE,,SC14D9C,2010-05-05,,,,,,,,,,,,,,,,no_announcement_found
100517-2010-08-18,100517,UAL CORP /DE/,UAL,UAL,Nasdaq,4512,DEFM14A,2010-08-18,,,,,,,,,,,,,,,,no_announcement_found
1301787-2010-07-22,1301787,BlueLinx Holdings Inc.,BXC,BXC,NYSE,5031,SC 14D9,2010-07-22,,,,,,,,,,,,,,,,no_announcement_found
1327978-2010-08-20,1327978,Dividend Capital Total Realty Trust Inc.,ZARE,ZARE,OTC,6798,SC 14D9,2010-08-20,,,,,,,,,,,,,,,,no_announcement_found
1327978-2014-10-07,1327978,Dividend Capital Diversified Property Fund Inc.,ZARE,ZARE,OTC,6798,SC 14D9,2014-10-07,,,,,,,,,,,,,,,,no_announcement_found
355948-2010-10-20,355948,RICHARDSON ELECTRONICS LTD/DE,RELL,RELL,Nasdaq,5065,PREM14A,2010-10-20,,,,,,,,,,,,,,,,no_announcement_found
1042418-2010-10-28,1042418,COMMONWEALTH BIOTECHNOLOGIES INC,INTI,INTI,OTC,2834,PREM14A,2010-10-28,,,,,,,,,,,,,,,,no_announcement_found
833444-2010-10-01,833444,TYCO INTERNATIONAL LTD,JCI,JCI,NYSE,3585,PREM14A,2010-10-01,,,,,,,,,,,,,,,,no_announcement_found
833444-2012-05-08,833444,TYCO INTERNATIONAL LTD,JCI,JCI,NYSE,3585,PREM14A,2012-05-08,,,,,,,,,,,,,,,,no_announcement_found
833444-2014-07-29,833444,TYCO INTERNATIONAL LTD,JCI,JCI,NYSE,3585,DEFM14A,2014-07-29,,,,,,,,,,,,,,,,no_announcement_found
1307748-2010-12-21,1307748,"Inland American Real Estate Trust, Inc.",IVT,IVT,NYSE,6798,SC 14D9,2010-12-21,,,,,,,,,,,,,,,,no_announcement_found
1307748-2014-02-05,1307748,"Inland American Real Estate Trust, Inc.",IVT,IVT,NYSE,6798,SC 14D9,2014-02-05,,,,,,,,,,,,,,,,no_announcement_found
1173313-2011-01-11,1173313,"ECOLOGY COATINGS, INC.",ABVC,ABVC|ECOC,Nasdaq,2834,PREM14A,2011-01-11,,,,,,,,,,,,,,,,no_announcement_found
1285785-2011-02-07,1285785,MOSAIC CO,MOS,MOS,NYSE,2870,PREM14A,2011-02-07,,,,,,,,,,,,,,,,no_announcement_found
78749-2011-06-16,78749,AGILYSYS INC,AGYS,AGYS,Nasdaq,7373,PREM14A,2011-06-16,,,,,,,,,,,,,,,,no_announcement_found
1058623-2011-06-03,1058623,CUMULUS MEDIA INC,CMLS,CMLS|CMLSQ,,4832,PREM14A,2011-06-03,DEFA14A,0000950123-11-008142,2011-02-02T10:13:19-05:00,2011-01-31,,,,,,,,,CMLS,,3,no_terms
1069258-2011-06-21,1069258,"KRATOS DEFENSE & SECURITY SOLUTIONS, INC.",KTOS,KTOS,Nasdaq,3760,DEFM14A,2011-06-21,8-K,0001069258-10-000045,2010-10-06T17:48:14-04:00,2010-10-06,2010-10-06T17:48:14-04:00,cash,7.0,,,,,,,7.0,3,ok
1319161-2011-05-20,1319161,Warner Music Group Corp.,WMG,WMG,Nasdaq,7900,PREM14A,2011-05-20,DEFA14A,0001193125-11-131592,2011-05-09T08:31:53-04:00,2011-05-06,,cash,8.25,,,,34.4,vwap,WMG,8.25,5,ok
1001614-2011-04-20,1001614,TENGASCO INC,REPX,REPX,NYSE,1311,PREM14A,2011-04-20,,,,,,,,,,,,,,,,no_announcement_found
1001614-2015-07-13,1001614,TENGASCO INC,REPX,REPX,NYSE,1311,SC 14D9,2015-07-13,,,,,,,,,,,,,,,,no_announcement_found
1434621-2011-06-10,1434621,"Tree.com, Inc.",TREE,TREE,Nasdaq,6163,PREM14A,2011-06-10,,,,,,,,,,,,,,,,no_announcement_found
831001-2011-04-11,831001,CITIGROUP INC,C,C|C-PN|C-PR,NYSE,6021,SC 14D9,2011-04-11,8-K,0001144204-10-049855,2010-09-17T17:49:22-04:00,2010-09-17,2010-09-17T17:49:22-04:00,,,,,,,,C,,3,no_terms
1059386-2011-04-11,1059386,Invesco Van Kampen Senior Income Trust,VVR,VVR,NYSE,,SC 14D9,2011-04-11,,,,,,,,,,,,,,,,no_announcement_found
1011509-2011-07-18,1011509,Golden Minerals Co,AUMN,AUMN,OTC,1040,PREM14A,2011-07-18,,,,,,,,,,,,,,,,no_announcement_found
1053507-2011-10-11,1053507,AMERICAN TOWER CORP /MA/,AMT,AMT,NYSE,6798,DEFM14A,2011-10-11,,,,,,,,,,,,,,,,no_announcement_found
1420800-2011-10-13,1420800,Colfax CORP,ENOV,ENOV,NYSE,3842,PREM14A,2011-10-13,425,0001144204-11-053324,2011-09-15T17:01:19-04:00,2011-09-12,2011-09-12T16:48:00-04:00,,,,,,,,,,3,no_terms
1232524-2011-10-26,1232524,JAZZ PHARMACEUTICALS INC,JAZZ,JAZZ,Nasdaq,2834,PREM14A,2011-10-26,425,0001193125-11-251469,2011-09-19T21:24:16-04:00,2011-09-19,2011-09-19T21:24:16-04:00,,,,,,,,JAZZ,,3,no_terms
314203-2011-10-07,314203,U S GOLD CORP,MUX,MUX,NYSE,1040,PREM14A,2011-10-07,,,,,,,,,,,,,,,,no_announcement_found
22444-2011-12-09,22444,COMMERCIAL METALS CO,CMC,CMC,NYSE,3312,SC14D9C,2011-12-09,,,,,,,,,,,,,,,,no_announcement_found
1396009-2011-12-22,1396009,Vulcan Materials CO,VMC,VMC,NYSE,1400,SC 14D9,2011-12-22,,,,,,,,,,,,,,,,no_announcement_found
315293-2012-02-08,315293,AON CORP,AON,AON,NYSE,6411,DEFM14A,2012-02-08,425,0001104659-12-001857,2012-01-13T06:11:42-05:00,2012-01-13,2012-01-13T06:11:42-05:00,,,,,,,,AON,,3,no_terms
315293-2020-05-11,315293,Aon plc,AON,AON,NYSE,6411,PREM14A,2020-05-11,,,,,,,,,,,,,,,,no_announcement_found
1275187-2012-02-28,1275187,ANGIODYNAMICS INC,ANGO,ANGO,Nasdaq,3841,PREM14A,2012-02-28,,,,,,,,,,,,,,,,no_announcement_found
1376139-2012-02-17,1376139,CVR ENERGY INC,CVI,CVI,NYSE,2911,SC14D9C,2012-02-17,,,,,,,,,,,,,,,,no_announcement_found
1376139-2024-12-06,1376139,CVR ENERGY INC,CVI,CVI,NYSE,2911,SC 14D9,2024-12-06,SC TO-C,0001104659-24-115925,2024-11-08T16:50:26-05:00,2024-11-08,2024-11-08T14:17:15-05:00,,,,,,6.0,vwap,IEP,,3,no_terms
1110803-2012-01-25,1110803,ILLUMINA INC,ILMN,ILMN,Nasdaq,3826,SC14D9C,2012-01-25,SC TO-C,0000950103-12-000298,2012-01-25T08:57:08-05:00,2012-01-25,2012-01-25T08:54:01-05:00,cash,44.5,,,,64.0,close,ILMN,44.5,3,ok
1295947-2012-03-13,1295947,"Prestige Brands Holdings, Inc.",PBH,PBH,NYSE,2834,SC14D9C,2012-03-13,SC TO-C,0000898080-12-000003,2012-02-27T10:47:16-05:00,2012-02-27,2012-02-27T10:47:16-05:00,cash,16.6,,,,23.0,vwap,PBH,16.6,3,ok
890564-2012-04-03,890564,ON ASSIGNMENT INC,EFOR,EFOR,NYSE,7363,PREM14A,2012-04-03,,,,,,,,,,,,,,,,no_announcement_found
1141197-2012-04-23,1141197,"BLAST ENERGY SERVICES, INC.",PED,PED,NYSE,1311,PREM14A,2012-04-23,,,,,,,,,,,,,,,,no_announcement_found
1418121-2012-05-14,1418121,"Apple REIT Nine, Inc.",APLE,APLE,NYSE,6798,SC 14D9,2012-05-14,,,,,,,,,,,,,,,,no_announcement_found
1418121-2014-05-30,1418121,"Apple Hospitality REIT, Inc.",APLE,APLE,NYSE,6798,SC 14D9,2014-05-30,,,,,,,,,,,,,,,,no_announcement_found
1360604-2012-04-03,1360604,"HEALTHCARE TRUST OF AMERICA, INC.",HR,HR,NYSE,6798,SC 14D9,2012-04-03,,,,,,,,,,,,,,,,no_announcement_found
1040829-2012-08-22,1040829,GAYLORD ENTERTAINMENT CO /DE,RHP,RHP,NYSE,6798,DEFM14A,2012-08-22,,,,,,,,,,,,,,,,no_announcement_found
1265131-2012-08-07,1265131,Hilltop Holdings Inc.,HTH,HTH,NYSE,6022,DEFM14A,2012-08-07,,,,,,,,,,,,,,,,no_announcement_found
77360-2012-08-03,77360,PENTAIR INC,PNR,PNR,NYSE,3550,DEFM14A,2012-08-03,,,,,,,,,,,,,,,,no_announcement_found
77360-2014-03-26,77360,PENTAIR LTD,PNR,PNR,NYSE,3550,DEFM14A,2014-03-26,,,,,,,,,,,,,,,,no_announcement_found
1025378-2012-07-31,1025378,W P CAREY & CO LLC,WPC,WPC,NYSE,6798,PREM14A,2012-07-31,,,,,,,,,,,,,,,,no_announcement_found
1497770-2012-07-09,1497770,"Walker & Dunlop, Inc.",WD,WD,NYSE,6199,PREM14A,2012-07-09,,,,,,,,,,,,,,,,no_announcement_found
764038-2012-10-26,764038,SCBT FINANCIAL CORP,SSB,SSB,NYSE,6022,DEFM14A,2012-10-26,425,0001104659-12-055598,2012-08-08T09:32:16-04:00,2012-08-08,2012-08-08T09:32:16-04:00,stock,,0.2503,,,,,SCBT|SAVB,,3,ok
764038-2017-09-12,764038,SOUTH STATE Corp,SSB,SSB,NYSE,6022,DEFM14A,2017-09-12,425,0001104659-17-026593,2017-04-27T07:08:08-04:00,2017-04-27,2017-04-27T07:08:08-04:00,stock,,0.14,,,,,SSB|PSTB,,3,ok
1283699-2012-11-16,1283699,METROPCS COMMUNICATIONS INC,TMUS,TMUS|TMUSI|TMUSL|TMUSZ,Nasdaq,4812,PREM14A,2012-11-16,,,,,,,,,,,,,,,,no_announcement_found
775158-2012-10-11,775158,OSHKOSH CORP,OSK,OSK,NYSE,3711,SC14D9C,2012-10-11,,,,,,,,,,,,,,,,no_announcement_found
887343-2013-02-06,887343,COLUMBIA BANKING SYSTEM INC,COLB,COLB,Nasdaq,6022,DEFM14A,2013-02-06,,,,,,,,,,,,,,,,no_announcement_found
842180-2013-02-01,842180,"BANCO BILBAO VIZCAYA ARGENTARIA, S.A.",BBVA,BBVA|BBVXF,NYSE,6029,SC 14D9,2013-02-01,,,,,,,,,,,,,,,,no_announcement_found
1006837-2013-05-24,1006837,PRIMUS TELECOMMUNICATIONS GROUP INC,VATE,VATE,NYSE,3440,PREM14A,2013-05-24,,,,,,,,,,,,,,,,no_announcement_found
91388-2013-06-18,91388,SMITHFIELD FOODS INC,SFD,SFD,Nasdaq,2011,PREM14A,2013-06-18,DEFA14A,0001193125-13-239664,2013-05-29T17:10:48-04:00,2013-05-29,2013-05-29T17:10:48-04:00,cash,34.0,,,,31.0,close,SFD,34.0,5,ok
1004724-2013-04-18,1004724,ADCARE HEALTH SYSTEMS INC,RHEP,RHEP|RHEPA|RHEPB|RHEPZ,OTC,6519,SC14D9C,2013-04-18,,,,,,,,,,,,,,,,no_announcement_found
1004724-2017-08-02,1004724,"ADCARE HEALTH SYSTEMS, INC",RHEP,RHEP|RHEPA|RHEPB|RHEPZ,OTC,6519,DEFM14A,2017-08-02,,,,,,,,,,,,,,,,no_announcement_found
1004724-2025-08-01,1004724,"REGIONAL HEALTH PROPERTIES, INC",RHEP,RHEP|RHEPA|RHEPB|RHEPZ,OTC,6519,SC 14D9,2025-08-01,,,,,,,,,,,,,,,,no_announcement_found
800457-2013-04-03,800457,DONEGAL GROUP INC,DGICA,DGICA|DGICB,Nasdaq,6331,SC 14D9,2013-04-03,,,,,,,,,,,,,,,,no_announcement_found
8504-2013-09-20,8504,"EnerJex Resources, Inc.",UAVS,UAVS,NYSE,3721,DEFM14A,2013-09-20,,,,,,,,,,,,,,,,no_announcement_found
1331520-2013-09-27,1331520,HOME BANCSHARES INC,HOMB,HOMB,NYSE,6022,DEFM14A,2013-09-27,,,,,,,,,,,,,,,,no_announcement_found
1534675-2013-09-30,1534675,Andina Acquisition Corp,TGLS,TGLS,NYSE,3211,PREM14A,2013-09-30,,,,,,,,,,,,,,,,spac
2016221-2026-10-05,2016221,Melar Acquisition Corp. I/Cayman,MACI,MACI|MACIU|MACIW,Nasdaq,7389,DEFM14A,2026-10-05,,,,,,,,,,,,,,,,spac
1570827-2026-10-02,1570827,"Victory Capital Holdings, Inc.",VCTR,VCTR,Nasdaq,6282,PREM14A,2026-10-02,,,,,,,,,,,,,,,,no_announcement_found
1351636-2026-09-29,1351636,"SOUNDTHINKING, INC.",SSTI,SSTI,Nasdaq,7372,SC14D9C,2026-09-29,8-K,0001193125-26-406024,2026-09-29T07:45:32-04:00,2026-09-28,,cash,8.0,,True,3.0,46.0,close,SSTI,3.0|8.0|11.0,7,ok
919864-2026-09-28,919864,Finward Bancorp,FNWD,FNWD,Nasdaq,6035,DEFM14A,2026-09-28,8-K,0001193125-26-310388,2026-07-21T16:30:46-04:00,2026-07-21,2026-07-21T16:30:46-04:00,stock,,1.35,,,,,FFBC|FNWD,,3,ok
1574235-2026-09-25,1574235,"Pulmatrix, Inc.",PULM,PULM,Nasdaq,2834,DEFM14A,2026-09-25,8-K,0001493152-26-013266,2026-03-27T21:16:05-04:00,2026-03-26,2026-03-26T13:11:40-04:00,,,,,,,,PULM,,3,no_terms
1847590-2026-09-25,1847590,Bowman Consulting Group Ltd.,BWMN,BWMN,Nasdaq,8742,PREM14A,2026-09-25,8-K,0001193125-26-341431,2026-08-10T13:21:17-04:00,2026-08-10,2026-08-10T13:21:17-04:00,cash,43.0,,,,58.0,vwap,BWMN,43.0,5,ok
2092574-2026-09-25,2092574,"Swarmer, Inc",SWMR,SWMR,Nasdaq,7372,PREM14A,2026-09-25,,,,,,,,,,,,,,,,no_announcement_found
2028516-2026-09-24,2028516,Archimedes Tech SPAC Partners II Co.,ATII,ATII|ATIIU|ATIIW,Nasdaq,6770,DEFM14A,2026-09-24,,,,,,,,,,,,,,,,spac
1057060-2026-09-22,1057060,MARINEMAX INC,HZO,HZO,NYSE,5531,PREM14A,2026-09-22,8-K,0001193125-26-341302,2026-08-10T08:00:12-04:00,2026-08-10,2026-08-10T08:00:12-04:00,cash,53.0,,,,96.0,close,HZO,53.0,5,ok
1978867-2026-09-22,1978867,Cadeler A/S,CDLR,CDLR,NYSE,4412,SC 14D9,2026-09-22,,,,,,,,,,,,,,,,no_announcement_found
356171-2026-09-16,356171,TRICO BANCSHARES /,TCBK,TCBK,Nasdaq,6022,DEFM14A,2026-09-16,8-K,0001104659-26-082851,2026-07-13T07:12:16-04:00,2026-07-13,2026-07-13T07:12:16-04:00,stock,,2.095,,,,,FHB|TCBK,,3,ok
1609151-2026-09-15,1609151,"Weave Communications, Inc.",WEAV,WEAV,NYSE,7372,PREM14A,2026-09-15,8-K,0001609151-26-000083,2026-08-18T09:01:06-04:00,2026-08-18,2026-08-18T09:01:06-04:00,cash,7.4,,,,34.0,close,WEAV,7.4,3,ok
1819928-2026-09-11,1819928,"DoubleVerify Holdings, Inc.",DV,DV,NYSE,7370,PREM14A,2026-09-11,8-K,0001104659-26-092121,2026-08-06T17:11:59-04:00,2026-08-06,2026-08-06T17:11:04-04:00,cash,13.6,,,,30.0,vwap,DV,13.6,5,ok
1356576-2026-09-11,1356576,"SUPERNUS PHARMACEUTICALS, INC.",SUPN,SUPN,Nasdaq,2834,DEFM14A,2026-09-11,8-K,0001104659-26-089425,2026-08-03T06:43:48-04:00,2026-08-03,2026-08-03T06:43:48-04:00,stock,,1.5401,,,,,SUPN|INDV,,5,ok
1173420-2026-09-11,1173420,NOVAGOLD RESOURCES INC,NG,NG,NYSE,1040,PREM14A,2026-09-11,,,,,,,,,,,,,,,,no_announcement_found
1637873-2026-09-10,1637873,ACV Auctions Inc.,ACVA,ACVA,NYSE,7389,SC14D9C,2026-09-10,8-K,0001637873-25-000025,2025-12-18T21:10:50-05:00,2025-12-18,2025-12-18T21:10:50-05:00,,,,,,,,,,3,no_terms
2012706-2026-09-08,2012706,"Sunrise Realty Trust, Inc.",SUNS,SUNS,Nasdaq,6798,PREM14A,2026-09-08,,,,,,,,,,,,,,,,no_announcement_found
1681622-2026-09-08,1681622,Varex Imaging Corp,VREX,VREX,Nasdaq,3679,PREM14A,2026-09-08,8-K,0001104659-26-093349,2026-08-10T20:05:49-04:00,2026-08-10,2026-08-10T11:32:16-04:00,cash,18.9,,,,,,TDY|VREX,18.9,5,ok
834365-2026-09-04,834365,BIOLIFE SOLUTIONS INC,BLFS,BLFS,Nasdaq,3845,DEFM14A,2026-09-04,8-K,0001628280-26-049232,2026-07-22T17:17:19-04:00,2026-07-22,2026-07-22T16:09:37-04:00,cash,11.25,,,,24.0,vwap,RGEN|BLFS,11.25,7,ok
910108-2026-09-04,910108,LXP Industrial Trust,LXP,LXP|LXP-PC,NYSE,6798,PREM14A,2026-09-04,8-K,0001104659-26-084849,2026-07-20T06:53:56-04:00,2026-07-20,2026-07-20T06:53:56-04:00,cash,61.2,,,,12.3,vwap,BAM|LXP,61.2,3,ok
1278021-2026-09-04,1278021,MARKETAXESS HOLDINGS INC,MKTX,MKTX,Nasdaq,6211,PREM14A,2026-09-04,8-K,0001193125-26-324933,2026-07-30T07:44:54-04:00,2026-07-30,2026-07-30T07:44:54-04:00,cash,167.0,,True,,33.0,close,ICE|MKTX,167.0,5,ok
714256-2026-09-04,714256,Sanara MedTech Inc.,SMTI,SMTI,Nasdaq,3842,DEFM14A,2026-09-04,425,0001376339-26-000073,2026-07-29T16:07:48-04:00,2026-07-29,2026-07-29T16:07:48-04:00,cash,33.0,,True,,,,,33.0,5,ok
915840-2026-09-03,915840,BEAZER HOMES USA INC,BZH,BZH,NYSE,1531,PREM14A,2026-09-03,8-K,0001104659-26-092299,2026-08-07T06:10:15-04:00,2026-08-07,2026-08-07T06:06:48-04:00,cash,33.5,,,,,,DFH|BZH,33.5,5,ok
1114483-2026-09-03,1114483,Integer Holdings Corp,ITGR,ITGR,NYSE,3845,PREM14A,2026-09-03,8-K,0000950103-26-011683,2026-08-03T16:44:58-04:00,2026-08-03,2026-08-03T06:32:16-04:00,cash,127.0,,,,51.8,close,ITGR|KKR,127.0,7,ok
1172052-2026-09-03,1172052,SAFETY INSURANCE GROUP INC,SAFT,SAFT,Nasdaq,6331,PREM14A,2026-09-03,8-K,0001104659-26-086331,2026-07-23T17:07:20-04:00,2026-07-23,2026-07-23T17:07:20-04:00,cash,105.0,,,,,,SAFT,105.0,5,ok
703604-2026-09-01,703604,"Distribution Solutions Group, Inc.",DSGR,DSGR,Nasdaq,5080,PREM14A,2026-09-01,8-K,0001193125-26-306263,2026-07-16T21:27:47-04:00,2026-07-16,2026-07-16T21:27:47-04:00,cash,35.0,,,,81.0,close,DSGR,35.0,3,ok
1428439-2026-09-01,1428439,"ROKU, INC",ROKU,ROKU,Nasdaq,4841,DEFM14A,2026-09-01,425,0001193125-26-270288,2026-06-15T11:16:53-04:00,2026-06-14,,mixed,96.0,0.9693,,,,,FOXA|ROKU,96.0,3,ok
1666138-2026-08-28,1666138,Atkore Inc.,ATKR,ATKR,NYSE,3690,PREM14A,2026-08-28,8-K,0001666138-26-000016,2026-08-03T06:04:52-04:00,2026-08-03,2026-08-03T06:04:52-04:00,cash,95.0,,,,30.0,close,ATKR,95.0,7,ok
1273441-2026-08-28,1273441,GRAN TIERRA ENERGY INC.,GTE,GTE,NYSE,1311,PREM14A,2026-08-28,,,,,,,,,,,,,,,,no_announcement_found
2002473-2026-08-28,2002473,Bowhead Specialty Holdings Inc.,BOW,BOW,NYSE,6331,PREM14A,2026-08-28,8-K,0001628280-26-051540,2026-08-03T12:03:12-04:00,2026-08-03,2026-08-03T12:03:12-04:00,cash,34.0,,,,11.0,close,BOW,34.0,5,ok
944148-2026-08-27,944148,"CBIZ, Inc.",CBZ,CBZ,NYSE,7389,PREM14A,2026-08-27,8-K,0001193125-26-322225,2026-07-29T08:12:38-04:00,2026-07-29,2026-07-29T08:12:38-04:00,cash,55.0,,True,,54.0,vwap,CBZ,55.0,5,ok
2044009-2026-08-27,2044009,Armada Acquisition Corp. II,XRPN,XRPN|XRPNU|XRPNW,Nasdaq,6770,DEFM14A,2026-08-27,,,,,,,,,,,,,,,,spac
1713930-2026-08-27,1713930,Nexa Resources S.A.,NEXA,NEXA,NYSE,1000,SC14D9C,2026-08-27,,,,,,,,,,,,,,,,no_announcement_found
1418819-2026-08-26,1418819,Iridium Communications Inc.,IRDM,IRDM,Nasdaq,4899,DEFM14A,2026-08-26,8-K,0001104659-26-078482,2026-06-29T07:09:00-04:00,2026-06-29,2026-06-29T07:09:00-04:00,cash,54.0,,,,,,RKLB|IRDM,54.0,5,ok
1096056-2026-08-26,1096056,LUXFER HOLDINGS PLC,LXFR,LXFR,NYSE,2810,PREM14A,2026-08-26,8-K,0002077096-26-000223,2026-07-27T08:31:57-04:00,2026-07-27,2026-07-27T08:31:57-04:00,cash,17.37,,True,,30.7,close,LXFR|FERG,17.37,7,ok
1521036-2026-08-26,1521036,"Lantheus Holdings, Inc.",LNTH,LNTH,Nasdaq,2835,PREM14A,2026-08-26,8-K,0001193125-26-329622,2026-08-03T08:37:46-04:00,2026-08-03,2026-08-03T08:37:46-04:00,cash,102.5,,True,12.0,38.0,vwap,LNTH,1.0|3.0|8.0|102.5|114.5,5,ok
1739566-2026-08-24,1739566,"Utz Brands, Inc.",UTZ,UTZ,NYSE,2090,PREM14A,2026-08-24,8-K,0001193125-26-309592,2026-07-21T08:16:19-04:00,2026-07-20,,cash,14.25,,,,91.0,close,UTZ,14.25,5,ok
1516899-2026-08-21,1516899,"Yatra Online, Inc.",YTRA,YTRA,Nasdaq,4700,SC14D9C,2026-08-21,,,,,,,,,,,,,,,,no_announcement_found
2028201-2026-08-19,2028201,Columbus Acquisition Corp/Cayman Islands,COLA,COLA|COLAR|COLAU,Nasdaq,6770,DEFM14A,2026-08-19,,,,,,,,,,,,,,,,spac
1881592-2026-08-19,1881592,"NSTS Bancorp, Inc.",NSTS,NSTS,Nasdaq,6035,PREM14A,2026-08-19,8-K,0001437749-26-016470,2026-05-12T17:15:25-04:00,2026-05-12,2026-05-12T17:15:25-04:00,cash,14.28,,,,,,NSTS,14.28,5,ok
1566826-2026-08-14,1566826,"LogicMark, Inc.",LGMK,LGMK,OTC,3842,PREM14A,2026-08-14,8-K,0001213900-26-083402,2026-07-30T17:00:55-04:00,2026-07-30,2026-07-30T17:00:55-04:00,,,,,,,,,,3,no_terms
1590895-2026-08-12,1590895,"Caesars Entertainment, Inc.",CZR,CZR,Nasdaq,7011,PREM14A,2026-08-12,8-K,0001193125-26-242995,2026-05-28T07:23:56-04:00,2026-05-28,2026-05-28T07:23:56-04:00,cash,31.0,,,,49.0,close,CZR,31.0,5,ok
2028355-2026-08-12,2028355,Inflection Point Acquisition Corp. V,IPEX,IPEX|IPEXR|IPEXU,Nasdaq,6770,DEFM14A,2026-08-12,,,,,,,,,,,,,,,,spac
1554818-2026-08-11,1554818,AUDDIA INC.,AUUD,AUUD,Nasdaq,7374,DEFM14A,2026-08-11,,,,,,,,,,,,,,,,no_announcement_found
2131882-2026-08-11,2131882,"McCarthy Finney, Inc.",MCFN,MCFN,,7374,DEFM14A,2026-08-11,,,,,,,,,,,,,,,,no_announcement_found
842023-2026-08-10,842023,BIO-TECHNE Corp,TECH,TECH,Nasdaq,2836,PREM14A,2026-08-10,8-K,0001104659-26-009994,2026-02-04T06:30:11-05:00,2026-02-04,2026-02-04T06:30:11-05:00,,,,,,,,TECH,,3,no_terms
1854480-2026-08-03,1854480,DevvStream Corp.,DEVSF,DEVSF,OTC,6799,DEFM14A,2026-08-03,,,,,,,,,,,,,,,,no_announcement_found
1845815-2026-07-31,1845815,Payoneer Global Inc.,PAYO,PAYO,Nasdaq,7389,PREM14A,2026-07-31,8-K,0000950103-26-008945,2026-06-15T08:10:48-04:00,2026-06-15,2026-06-15T08:10:48-04:00,cash,7.4,,,,,,PAYO,7.4,5,ok
715957-2026-07-28,715957,"DOMINION ENERGY, INC",D,D,NYSE,4911,DEFM14A,2026-07-28,8-K,0001193125-26-227930,2026-05-18T08:08:12-04:00,2026-05-18,2026-05-18T07:36:46-04:00,stock,,0.8138,,,,,NEE|D,,3,ok
1468492-2026-07-27,1468492,HeartSciences Inc.,HSCS,HSCS|HSCSW,Nasdaq,6199,PREM14A,2026-07-27,,,,,,,,,,,,,,,,no_announcement_found
1410428-2026-07-27,1410428,"XWELL, Inc.",XWEL,XWEL,Nasdaq,7200,PREM14A,2026-07-27,,,,,,,,,,,,,,,,no_announcement_found
1739445-2026-07-24,1739445,"Arcosa, Inc.",ACA,ACA,NYSE,3440,PREM14A,2026-07-24,8-K,0001739445-26-000112,2026-06-22T07:21:11-04:00,2026-06-22,2026-06-22T07:21:11-04:00,cash,150.0,,,,25.0,vwap,CRH|ACA,150.0,5,ok
1854270-2026-07-21,1854270,"Senti Biosciences Holdings, Inc.",SNTI,SNTI,Nasdaq,2836,PREM14A,2026-07-21,,,,,,,,,,,,,,,,no_announcement_found
1036044-2026-07-17,1036044,"Identiv, Inc.",INVE,INVE,Nasdaq,3577,PREM14A,2026-07-17,,,,,,,,,,,,,,,,no_announcement_found
1307954-2026-07-13,1307954,Huntsman CORP,HUN,HUN,NYSE,2800,DEFM14A,2026-07-13,,,,,,,,,,,,,,,,no_announcement_found
1023459-2026-07-09,1023459,"Simulations Plus, Inc.",SLP,SLP,Nasdaq,7373,PREM14A,2026-07-09,8-K,0001023459-26-000020,2026-06-16T09:00:11-04:00,2026-06-16,2026-06-16T09:00:11-04:00,cash,18.5,,,,26.0,vwap,SLP,18.5,7,ok
1054102-2026-06-25,1054102,"INTERPACE BIOSCIENCES, INC.",IDXG,IDXG|IDXGD,OTC,3841,PREM14A,2026-06-25,,,,,,,,,,,,,,,,no_announcement_found
1756390-2026-06-25,1756390,"Ascend Wellness Holdings, Inc.",AAWH,AAWH,OTC,2833,PREM14A,2026-06-25,,,,,,,,,,,,,,,,no_announcement_found
733269-2026-06-24,733269,"LiveRamp Holdings, Inc.",RAMP,RAMP,NYSE,7374,PREM14A,2026-06-24,8-K,0001104659-26-062908,2026-05-18T06:04:40-04:00,2026-05-17,,cash,38.5,,,,30.0,close,RAMP,38.5,7,ok
1616862-2026-06-24,1616862,Axalta Coating Systems Ltd.,AXTA,AXTA,NYSE,2851,DEFM14A,2026-06-24,,,,,,,,,,,,,,,,no_announcement_found
1889539-2026-06-23,1889539,"Corebridge Financial, Inc.",CRBG,CRBG|CRBD,NYSE,6311,DEFM14A,2026-06-23,,,,,,,,,,,,,,,,no_announcement_found
1333986-2026-06-23,1333986,"Equitable Holdings, Inc.",EQH,EQH|EQH-PA|EQH-PC,NYSE,6411,DEFM14A,2026-06-23,,,,,,,,,,,,,,,,no_announcement_found
1943802-2026-06-23,1943802,"First Seacoast Bancorp, Inc.",FSEA,FSEA,Nasdaq,6035,PREM14A,2026-06-23,8-K,0001193125-26-206551,2026-05-05T16:30:57-04:00,2026-05-05,2026-05-05T16:30:57-04:00,cash,17.25,,,,,,,17.25,3,ok
1723128-2026-06-18,1723128,"Amneal Pharmaceuticals, Inc.",AMRX,AMRX,Nasdaq,2834,PREM14A,2026-06-18,,,,,,,,,,,,,,,,no_announcement_found
1279620-2026-06-12,1279620,"Zoned Properties, Inc.",ZDPY,ZDPY,OTC,6512,PREM14A,2026-06-12,,,,,,,,,,,,,,,,no_announcement_found
2027708-2026-06-05,2027708,"Cantor Equity Partners I, Inc.",CEPO,CEPO,Nasdaq,6770,DEFM14A,2026-06-05,,,,,,,,,,,,,,,,spac
1821825-2026-06-01,1821825,Organon & Co.,OGN,OGN,NYSE,2834,PREM14A,2026-06-01,8-K,0001193125-26-178718,2026-04-27T06:06:01-04:00,2026-04-27,2026-04-27T06:06:01-04:00,cash,14.0,,,,103.0,close,OGN,14.0,5,ok
1948864-2026-05-29,1948864,HEALTHY CHOICE WELLNESS CORP.,HOST,HOST,NYSE,5411,PREM14A,2026-05-29,8-K,0001493152-26-026419,2026-05-29T21:01:33-04:00,2026-05-29,2026-05-29T21:01:33-04:00,,,,,,,,,,3,no_terms
1820872-2026-05-28,1820872,"Global Business Travel Group, Inc.",GBTG,GBTG,OTC,4700,PREM14A,2026-05-28,8-K,0001140361-26-018699,2026-05-04T12:47:56-04:00,2026-05-04,2026-05-04T12:18:41-04:00,cash,9.5,,True,,60.2,close,GBTG,9.5,5,ok
2048951-2026-05-27,2048951,Live Oak Acquisition Corp. V,TMS,TMS|TMSWW,Nasdaq,5900,DEFM14A,2026-05-27,,,,,,,,,,,,,,,,spac
1974138-2026-05-27,1974138,NCR Atleos Corp,NATL,NATL,NYSE,3578,DEFM14A,2026-05-27,425,0001104659-26-020513,2026-02-26T16:17:28-05:00,2026-02-26,2026-02-26T16:11:17-05:00,cash,30.0,,,,24.0,vwap,BCO|NATL,30.0,3,ok
1224133-2026-05-26,1224133,MARCHEX INC,MCHX,MCHX,Nasdaq,7372,PREM14A,2026-05-26,,,,,,,,,,,,,,,,no_announcement_found
813298-2026-05-22,813298,"DESTINATION XL GROUP, INC.",DXLG,DXLG,Nasdaq,5651,SC14D9C,2026-05-22,,,,,,,,,,,,,,,,no_announcement_found
36840-2026-05-20,36840,"FIRST REAL ESTATE INVESTMENT TRUST OF NEW JERSEY, INC.",FREVS,FREVS,OTC,6798,PREM14A,2026-05-20,,,,,,,,,,,,,,,,no_announcement_found
314808-2026-05-19,314808,Valaris Ltd,VAL,VAL|VAL-WT,NYSE,1381,PREM14A,2026-05-19,8-K,0001140361-26-004310,2026-02-09T09:00:19-05:00,2026-02-09,2026-02-09T09:00:19-05:00,stock,,15.235,,,,,RIG|VAL,,3,ok
1451505-2026-05-19,1451505,Transocean Ltd.,RIG,RIG,NYSE,1381,PREM14A,2026-05-19,,,,,,,,,,,,,,,,no_announcement_found
1757715-2026-05-15,1757715,"Aterian, Inc.",ATER,ATER,Nasdaq,3634,PREM14A,2026-05-15,,,,,,,,,,,,,,,,no_announcement_found
1087294-2026-05-15,1087294,CUMBERLAND PHARMACEUTICALS INC,CPIX,CPIX,Nasdaq,2834,PREM14A,2026-05-15,8-K,0001104659-26-047335,2026-04-23T09:01:32-04:00,2026-04-23,2026-04-23T09:01:32-04:00,,,,,,,,CPIX,,3,no_terms
1906364-2026-05-13,1906364,FG Merger II Corp.,BXBL,BXBL,Nasdaq,1520,DEFM14A,2026-05-13,425,0001104659-25-081884,2025-08-22T16:10:39-04:00,2025-08-22,2025-08-22T16:06:49-04:00,,,,,,,,,,3,no_terms
2016072-2026-05-13,2016072,M3-Brigade Acquisition V Corp.,VLOS,VLOS|VLOSU|VLOSW,Nasdaq,6770,DEFM14A,2026-05-13,,,,,,,,,,,,,,,,spac
1970622-2026-05-13,1970622,"USA Rare Earth, Inc.",USAR,USAR,Nasdaq,1000,PREM14A,2026-05-13,8-K,0001213900-26-023868,2026-03-05T12:17:37-05:00,2026-03-05,2026-03-05T12:17:37-05:00,,,,,,,,USAR|TMRC,,3,no_terms
1422183-2026-05-12,1422183,FS KKR Capital Corp,FSK,FSK,NYSE,,SC 14D9,2026-05-12,,,,,,,,,,,,,,,,no_announcement_found
717954-2026-05-11,717954,UNIFIRST CORP,UNF,UNF,NYSE,7200,DEFM14A,2026-05-11,425,0000950103-26-003569,2026-03-11T07:06:43-04:00,2026-03-11,2026-03-11T07:06:43-04:00,mixed,310.0,0.772,,,,,CTAS|UNF,310.0,3,ok
1386278-2026-05-08,1386278,GREEN DOT CORP,GDOT,GDOT,NYSE,6199,DEFM14A,2026-05-08,8-K,0001140361-25-043028,2025-11-24T07:48:49-05:00,2025-11-24,2025-11-24T07:48:49-05:00,mixed,8.11,0.2215,,,63.0,close,GDOT,8.11,7,ok
1009891-2026-05-05,1009891,AIR INDUSTRIES GROUP,AIRI,AIRI,NYSE,3728,PREM14A,2026-05-05,,,,,,,,,,,,,,,,no_announcement_found
1326200-2026-05-04,1326200,GENCO SHIPPING & TRADING LTD,GNK,GNK,NYSE,4412,SC14D9C,2026-05-04,8-K,0001140361-25-036920,2025-10-01T12:12:23-04:00,2025-10-01,2025-10-01T12:12:23-04:00,,,,,,,,GNK,,3,no_terms
874761-2026-05-04,874761,AES CORP,AES,AES,NYSE,4991,PREM14A,2026-05-04,8-K,0001193125-26-084157,2026-03-02T07:07:28-05:00,2026-03-02,2026-03-02T07:07:28-05:00,cash,15.0,,,,40.3,vwap,AES,15.0,3,ok
1861622-2026-05-04,1861622,Jet.AI Inc.,JTAI,JTAI,Nasdaq,4522,DEFM14A,2026-05-04,8-K,0001493152-25-018304,2025-10-16T16:05:26-04:00,2025-10-14,,,,,,,,,JTAI|FLYX,,3,no_terms
1653909-2026-04-15,1653909,"Allbirds, Inc.",BIRD,BIRD,Nasdaq,7374,PREM14A,2026-04-15,,,,,,,,,,,,,,,,no_announcement_found
1591956-2026-04-07,1591956,Sphere 3D Corp.,DRK,DRK,Nasdaq,6199,PREM14A,2026-04-07,8-K,0001062993-26-001384,2026-03-11T08:06:08-04:00,2026-03-05,,,,,,,,,ANY,,3,no_terms
1516551-2026-04-06,1516551,"Skye Bioscience, Inc.",SKYE,SKYE,Nasdaq,2834,PREM14A,2026-04-06,,,,,,,,,,,,,,,,no_announcement_found
1334978-2026-04-02,1334978,"Clear Channel Outdoor Holdings, Inc.",CCO,CCO,NYSE,7310,PREM14A,2026-04-02,8-K,0001193125-26-043066,2026-02-09T17:30:57-05:00,2026-02-09,2026-02-09T17:30:57-05:00,cash,2.43,,,,71.0,close,CCO|APO,2.43,5,ok
1321732-2026-04-01,1321732,Penumbra Inc,PEN,PEN,NYSE,3841,DEFM14A,2026-04-01,8-K,0000950103-26-000523,2026-01-15T07:15:42-05:00,2026-01-15,2026-01-15T07:15:42-05:00,,,,,,,,PEN|BSX,,3,no_terms
1090012-2026-03-30,1090012,DEVON ENERGY CORP/DE,DVN,DVN,NYSE,1311,DEFM14A,2026-03-30,,,,,,,,,,,,,,,,no_announcement_found
885508-2026-03-30,885508,STRATUS PROPERTIES INC,STRS,STRS,OTC,6552,PREM14A,2026-03-30,,,,,,,,,,,,,,,,no_announcement_found
28917-2026-03-27,28917,"DILLARD'S, INC.",DDS,DDS|DDT,NYSE,5311,PREM14A,2026-03-27,8-K,0001104659-26-032749,2026-03-20T20:30:34-04:00,2026-03-20,2026-03-20T20:30:34-04:00,,,,,,,,,,3,no_terms
95029-2026-03-26,95029,STURM RUGER & CO INC,RGR,RGR,NYSE,3480,SC 14D9,2026-03-26,8-K,0002077096-25-000148,2025-10-14T17:16:59-04:00,2025-10-14,2025-10-14T17:16:59-04:00,,,,,,,,RGR,,3,no_terms
727346-2026-03-25,727346,"SELECTIS HEALTH, INC.",GBCS,GBCS,OTC,6798,SC 14D9,2026-03-25,,,,,,,,,,,,,,,,no_announcement_found
1900679-2026-03-23,1900679,Technology & Telecommunication Acquisition Corp,TETEF,TETEF|TETUF|TETWF,OTC,7389,DEFM14A,2026-03-23,,,,,,,,,,,,,,,,spac
1038074-2026-03-13,1038074,SILICON LABORATORIES INC.,SLAB,SLAB,Nasdaq,3674,PREM14A,2026-03-13,8-K,0001193125-26-036712,2026-02-04T07:05:45-05:00,2026-02-04,2026-02-04T07:05:45-05:00,cash,231.0,,,,,,TXN|SLAB,231.0,5,ok
1467760-2026-03-09,1467760,"Apollo Commercial Real Estate Finance, Inc.",ARI,ARI,NYSE,6798,PREM14A,2026-03-09,,,,,,,,,,,,,,,,no_announcement_found
1679688-2026-03-06,1679688,"DigitalBridge Group, Inc.",DBRG,DBRG|DBRG-PH|DBRG-PI|DBRG-PJ,NYSE,6282,PREM14A,2026-03-06,8-K,0001104659-25-124541,2025-12-29T08:36:15-05:00,2025-12-29,2025-12-29T08:36:15-05:00,cash,16.0,,,,15.0,vwap,DBRG,16.0,5,ok
69733-2026-03-06,69733,"NATHANS FAMOUS, INC.",NATH,NATH,Nasdaq,5812,PREM14A,2026-03-06,8-K,0001104659-26-005233,2026-01-21T07:01:27-05:00,2026-01-21,2026-01-21T07:01:27-05:00,cash,102.0,,True,,,,SFD|NATH,102.0,3,ok
1711929-2026-03-06,1711929,"Starwood Real Estate Income Trust, Inc.",SWDR,SWDR|SWDS,OTC,6798,SC 14D9,2026-03-06,,,,,,,,,,,,,,,,no_announcement_found
1089907-2026-03-03,1089907,SWK Holdings Corp,SWKHL,SWKHL,Nasdaq,6159,DEFM14A,2026-03-03,8-K,0001552781-25-000315,2025-10-09T17:27:26-04:00,2025-10-09,2025-10-09T17:27:26-04:00,,,,,,,,RWAY|SWKH,,5,no_terms
815097-2026-02-27,815097,CARNIVAL CORP,CCL,CCL,NYSE,4400,DEFM14A,2026-02-27,,,,,,,,,,,,,,,,no_announcement_found
2076163-2026-02-19,2076163,"ProCap Financial, Inc.",SVIA,SVIA|BRR|BRRWW|SVIAW,Nasdaq,6199,PREM14A,2026-02-19,,,,,,,,,,,,,,,,no_announcement_found
1419275-2026-02-13,1419275,RYVYL Inc.,RTB,RTB,Nasdaq,8742,DEFM14A,2026-02-13,8-K,0001185185-25-001369,2025-10-02T17:07:03-04:00,2025-09-30,,,,,True,,,,RVYL|AREN,,3,no_terms
1465740-2026-02-12,1465740,TWO HARBORS INVESTMENT CORP.,TWO-PC,TWO-PC|TWO-PB|TWO-PA|TWOD,NYSE,6798,DEFM14A,2026-02-12,8-K,0001104659-25-121835,2025-12-17T08:38:30-05:00,2025-12-17,2025-12-17T08:38:30-05:00,stock,,2.3328,,,,,UWMC|TWO,,3,ok
1993004-2026-02-06,1993004,"NorthWestern Energy Group, Inc.",NWE,NWE,Nasdaq,4931,DEFM14A,2026-02-06,,,,,,,,,,,,,,,,no_announcement_found
1820302-2026-02-04,1820302,"Bakkt, Inc.",BKKT,BKKT|BKKT-WT,NYSE,6199,PREM14A,2026-02-04,,,,,,,,,,,,,,,,no_announcement_found
1826892-2026-01-30,1826892,"BioAtla, Inc.",BCAB,BCAB,OTC,2836,PREM14A,2026-01-30,8-K,0001193125-26-031942,2026-01-30T16:41:51-05:00,2026-01-30,2026-01-30T16:41:51-05:00,,,,,,,,,,3,no_terms
1650696-2026-01-30,1650696,"Laird Superfood, Inc.",LSF,LSF,NYSE,2000,PREM14A,2026-01-30,,,,,,,,,,,,,,,,no_announcement_found
1607962-2026-01-28,1607962,Lifeward Ltd.,LFWD,LFWD,Nasdaq,3842,PREM14A,2026-01-28,,,,,,,,,,,,,,,,no_announcement_found
799288-2026-01-26,799288,"LANDS' END, INC.",LE,LE,Nasdaq,5651,SC14D9C,2026-01-26,8-K,0001104659-26-006603,2026-01-26T16:13:15-05:00,2026-01-26,2026-01-26T08:07:41-05:00,cash,45.0,,,,,,,45.0,3,ok
320017-2026-01-21,320017,"LISATA THERAPEUTICS, INC.",LSTA,LSTA,Nasdaq,2834,SC14D9C,2026-01-21,8-K,0000320017-26-000006,2026-01-21T08:58:41-05:00,2026-01-21,2026-01-21T08:58:41-05:00,cash,4.0,,True,,85.0,close,LSTA,1.0|4.0,7,ok
1997652-2026-01-14,1997652,Tamboran Resources Corp,TBN,TBN|TBNRL,NYSE,1311,PREM14A,2026-01-14,,,,,,,,,,,,,,,,no_announcement_found
1502377-2026-01-09,1502377,"Contango ORE, Inc.",CTGO,CTGO,NYSE,1040,PREM14A,2026-01-09,,,,,,,,,,,,,,,,no_announcement_found
78128-2025-12-31,78128,"Essential Utilities, Inc.",WTRG,WTRG,NYSE,4941,DEFM14A,2025-12-31,425,0001193125-25-250649,2025-10-27T06:30:07-04:00,2025-10-26,,stock,,0.305,,,,,,,5,ok
103145-2025-12-31,103145,VEECO INSTRUMENTS INC,VECO,VECO,Nasdaq,3559,DEFM14A,2025-12-31,,,,,,,,,,,,,,,,no_announcement_found
1604778-2025-12-23,1604778,"Qorvo, Inc.",QRVO,QRVO,Nasdaq,3674,DEFM14A,2025-12-23,8-K,0000950103-25-013687,2025-10-28T11:10:54-04:00,2025-10-28,2025-10-28T11:01:18-04:00,mixed,32.5,0.96,,,,,SWKS|QRVO,32.5,3,ok
1685040-2025-12-23,1685040,"Brighthouse Financial, Inc.",BHF,BHF|BHFAL|BHFAM|BHFAN|BHFAO|BHFAP,Nasdaq,6311,PREM14A,2025-12-23,8-K,0001685040-25-000065,2025-11-06T08:00:54-05:00,2025-11-06,2025-11-06T08:00:54-05:00,cash,70.0,,,,37.0,close,BHF,70.0,3,ok
1437107-2025-12-17,1437107,"Warner Bros. Discovery, Inc.",WBD,WBD,Nasdaq,4841,SC 14D9,2025-12-17,8-K,0001437107-25-000161,2025-06-26T16:27:31-04:00,2025-06-26,2025-06-26T16:27:31-04:00,,,,,,,,,,3,no_terms
1944048-2025-12-16,1944048,Kenvue Inc.,KVUE,KVUE,NYSE,2844,DEFM14A,2025-12-16,8-K,0001104659-25-105216,2025-11-03T12:01:47-05:00,2025-11-03,2025-11-03T11:44:14-05:00,cash,3.5,,,,,,KMB|KVUE,3.5,3,ok
922864-2025-12-15,922864,APARTMENT INVESTMENT & MANAGEMENT CO,AIV,AIV,NYSE,6798,PREM14A,2025-12-15,,,,,,,,,,,,,,,,no_announcement_found
1178697-2025-11-24,1178697,SONIM TECHNOLOGIES INC,SONM,SONM,Nasdaq,3661,PREM14A,2025-11-24,8-K,0001641172-25-005546,2025-04-21T16:05:32-04:00,2025-04-21,2025-04-21T16:05:32-04:00,cash,4.0,,,,,,,4.0,3,ok
1971532-2025-11-20,1971532,"Telomir Pharmaceuticals, Inc.",TELO,TELO,Nasdaq,2834,PREM14A,2025-11-20,,,,,,,,,,,,,,,,no_announcement_found
1823144-2025-11-13,1823144,"CompoSecure, Inc.",GPGI,GPGI,NYSE,6199,PREM14A,2025-11-13,,,,,,,,,,,,,,,,no_announcement_found
1636651-2025-10-27,1636651,Ovid Therapeutics Inc.,OVID,OVID,Nasdaq,2834,PREM14A,2025-10-27,,,,,,,,,,,,,,,,no_announcement_found
1683695-2025-10-21,1683695,"International Money Express, Inc.",IMXI,IMXI,Nasdaq,7389,PREM14A,2025-10-21,8-K,0001140361-25-029957,2025-08-11T06:02:18-04:00,2025-08-10,,cash,16.0,,,,50.0,vwap,WU|IMXI,16.0,5,ok
1040161-2025-10-17,1040161,"PIXELWORKS, INC",PXLW,PXLW,Nasdaq,7372,PREM14A,2025-10-17,,,,,,,,,,,,,,,,no_announcement_found
1853825-2025-10-17,1853825,THUMZUP MEDIA Corp,DTCX,DTCX,Nasdaq,7374,PREM14A,2025-10-17,,,,,,,,,,,,,,,,no_announcement_found
702165-2025-10-01,702165,NORFOLK SOUTHERN CORP,NSC,NSC,NYSE,4011,DEFM14A,2025-10-01,,,,,,,,,,,,,,,,no_announcement_found
1839341-2025-09-26,1839341,"Core Scientific, Inc./tx",CORZ,CORZ|CORZR|CORZW|CORZZ,Nasdaq,6199,DEFM14A,2025-09-26,8-K,0001193125-25-155925,2025-07-07T13:19:53-04:00,2025-07-07,2025-07-07T13:19:53-04:00,stock,,0.1235,,,66.0,close,CRWV|CORZ,,3,ok
1425287-2025-09-22,1425287,Workhorse Group Inc.,WKHS,WKHS,Nasdaq,3711,PREM14A,2025-09-22,,,,,,,,,,,,,,,,no_announcement_found
1726126-2025-09-19,1726126,Epsilon Energy Ltd.,EPSN,EPSN,Nasdaq,1311,PREM14A,2025-09-19,,,,,,,,,,,,,,,,no_announcement_found
1517228-2025-09-05,1517228,"CommScope Holding Company, Inc.",VISN,VISN,Nasdaq,3663,PREM14A,2025-09-05,,,,,,,,,,,,,,,,no_announcement_found
104894-2025-09-05,104894,Elme Communities,ELME,ELME,NYSE,6798,PREM14A,2025-09-05,,,,,,,,,,,,,,,,no_announcement_found
718937-2025-08-29,718937,STAAR SURGICAL CO,STAA,STAA,Nasdaq,3851,PREM14A,2025-08-29,,,,,,,,,,,,,,,,no_announcement_found
85535-2025-08-18,85535,ROYAL GOLD INC,RGLD,RGLD,Nasdaq,6795,PREM14A,2025-08-18,,,,,,,,,,,,,,,,no_announcement_found
1419951-2025-08-14,1419951,Data Storage Corp,DTST,DTST,Nasdaq,7374,SC14D9C,2025-08-14,,,,,,,,,,,,,,,,no_announcement_found
910073-2025-08-08,910073,"FLAGSTAR FINANCIAL, INC.",FLG,FLG|FLG-PA|FLG-PU,NYSE,6036,PREM14A,2025-08-08,,,,,,,,,,,,,,,,no_announcement_found
1167379-2025-08-05,1167379,ALCON INC,ALC,ALC,NYSE,3851,DEFM14A,2025-08-05,,,,,,,,,,,,,,,,no_announcement_found
1484769-2025-07-28,1484769,fuboTV Inc. /FL,FUBO,FUBO,NYSE,7812,PREM14A,2025-07-28,,,,,,,,,,,,,,,,no_announcement_found
1560385-2025-07-25,1560385,Liberty Media Corp,FWONA,FWONA|FWONK|FWONB,Nasdaq,4833,PREM14A,2025-07-25,,,,,,,,,,,,,,,,no_announcement_found
1789192-2025-07-25,1789192,"N2OFF, Inc.",NXTS,NXTS,Nasdaq,2834,PREM14A,2025-07-25,8-K,0001493152-25-008294,2025-02-26T14:15:21-05:00,2025-02-26,2025-02-26T14:15:21-05:00,,,,,,,,NITO|SPRC,,5,no_terms
1618835-2025-07-24,1618835,"Evofem Biosciences, Inc.",EVFM,EVFM,OTC,2834,PREM14A,2025-07-24,8-K,0001493152-24-043241,2024-10-31T17:20:02-04:00,2024-10-31,2024-10-31T17:20:02-04:00,,,,,,,,,,3,no_terms
1474903-2025-07-15,1474903,"BGSF, INC.",BGSF,BGSF,NYSE,7363,PREM14A,2025-07-15,8-K,0001474903-25-000047,2025-06-16T17:58:37-04:00,2025-06-16,2025-06-16T17:58:37-04:00,,,,,,,,BGSF,,3,no_terms
1108426-2025-07-11,1108426,TXNM ENERGY INC,TXNM,TXNM,NYSE,4911,PREM14A,2025-07-11,8-K,0001108426-25-000048,2025-05-19T10:41:46-04:00,2025-05-19,2025-05-19T10:41:46-04:00,cash,61.25,,,,23.0,vwap,TXNM,61.25,7,ok
1829864-2025-07-01,1829864,"TaskUs, Inc.",TASK,TASK,Nasdaq,7374,PREM14A,2025-07-01,8-K,0000950157-25-000378,2025-05-09T08:48:20-04:00,2025-05-09,2025-05-09T08:48:20-04:00,cash,16.5,,,,26.0,vwap,TASK,16.5,3,ok
1091667-2025-06-18,1091667,"CHARTER COMMUNICATIONS, INC. /MO/",CHTR,CHTR|CHTRP,Nasdaq,4841,PREM14A,2025-06-18,8-K,0001140361-24-046322,2024-11-13T08:54:58-05:00,2024-11-13,2024-11-13T08:41:49-05:00,stock,,0.236,,,,,CHTR|LBRDA,,3,ok
1904286-2025-06-17,1904286,"MIRA PHARMACEUTICALS, INC.",MIRA,MIRA,Nasdaq,2834,PREM14A,2025-06-17,8-K,0001641172-25-000199,2025-03-24T07:30:18-04:00,2025-03-24,2025-03-24T07:30:18-04:00,,,,,,,,MIRA,,3,no_terms
1062231-2025-05-15,1062231,AMERICAN AXLE & MANUFACTURING HOLDINGS INC,DCH,DCH,NYSE,3714,PREM14A,2025-05-15,8-K,0001104659-25-007242,2025-01-29T16:44:11-05:00,2025-01-29,2025-01-29T16:44:11-05:00,,,,,,45.0,vwap,AXL|DWL,,3,no_terms
1901203-2025-05-15,1901203,Iron Horse Acquisitions Corp.,UCFI,UCFI|UCFIW,Nasdaq,2000,DEFM14A,2025-05-15,,,,,,,,,,,,,,,,no_announcement_found
1320350-2025-05-07,1320350,"LENSAR, Inc.",LNSR,LNSR,Nasdaq,3841,PREM14A,2025-05-07,8-K,0001193125-25-060906,2025-03-24T08:11:38-04:00,2025-03-24,2025-03-24T08:11:38-04:00,cash,14.0,,True,2.75,24.0,vwap,LNSR,2.75|14.0,5,ok
1549346-2025-04-30,1549346,"Shutterstock, Inc.",SSTK,SSTK,NYSE,7374,DEFM14A,2025-04-30,8-K,0001140361-25-000468,2025-01-07T22:18:17-05:00,2025-01-07,2025-01-07T19:34:47-05:00,mixed,9.5,13.67237,,,,,GETY|SSTK,9.5,3,ok
1827899-2025-04-30,1827899,Crown PropTech Acquisitions,CPTKW,CPTKW,OTC,5072,PREM14A,2025-04-30,,,,,,,,,,,,,,,,no_announcement_found
1760903-2025-04-10,1760903,"Safety Shot, Inc.",BNKK,BNKK,Nasdaq,2844,PREM14A,2025-04-10,8-K,0001493152-25-001327,2025-01-08T10:00:55-05:00,2025-01-08,2025-01-08T10:00:55-05:00,,,,,,,,SHOT|YERB.U,,3,no_terms
1819810-2025-04-07,1819810,Redwire Corp,RDW,RDW,NYSE,3760,PREM14A,2025-04-07,,,,,,,,,,,,,,,,no_announcement_found
1412100-2025-03-26,1412100,"Maiden Holdings, Ltd.",MHLA,MHLA|MHNC,NYSE,6331,DEFM14A,2025-03-26,8-K,0001104659-24-132309,2024-12-30T09:14:40-05:00,2024-12-30,2024-12-30T09:14:40-05:00,,,,,,,,MHLD,,3,no_terms
825313-2025-03-17,825313,ALLIANCEBERNSTEIN HOLDING L.P.,AB,AB,NYSE,6282,SC 14D9,2025-03-17,,,,,,,,,,,,,,,,no_announcement_found
1533924-2025-02-18,1533924,Amplify Energy Corp.,AMPY,AMPY,NYSE,1311,PREM14A,2025-02-18,,,,,,,,,,,,,,,,no_announcement_found
1499505-2025-02-18,1499505,Adecoagro S.A.,AGRO,AGRO,NYSE,0100,SC14D9C,2025-02-18,,,,,,,,,,,,,,,,no_announcement_found
1802768-2025-02-13,1802768,Royalty Pharma plc,RPRX,RPRX,Nasdaq,2834,PREM14A,2025-02-13,,,,,,,,,,,,,,,,no_announcement_found
711404-2025-02-07,711404,"COOPER COMPANIES, INC.",COO,COO,Nasdaq,3851,PREM14A,2025-02-07,,,,,,,,,,,,,,,,no_announcement_found
1422142-2025-01-21,1422142,"Aadi Bioscience, Inc.",WHWK,WHWK,Nasdaq,2834,PREM14A,2025-01-21,,,,,,,,,,,,,,,,no_announcement_found
1944558-2025-01-21,1944558,"Vitesse Energy, Inc.",VTS,VTS,NYSE,1311,PREM14A,2025-01-21,8-K,0001944558-24-000109,2024-12-16T12:01:00-05:00,2024-12-16,2024-12-16T12:01:00-05:00,stock,,0.01239,,,,,VTS|LOU,,3,ok
1512762-2025-01-14,1512762,"Coherus BioSciences, Inc.",CHRS,CHRS,Nasdaq,2836,PREM14A,2025-01-14,,,,,,,,,,,,,,,,no_announcement_found
1471727-2025-01-06,1471727,Better Choice Co Inc.,SRXH,SRXH,NYSE,2080,PREM14A,2025-01-06,,,,,,,,,,,,,,,,no_announcement_found
949961-2024-12-16,949961,INCOME OPPORTUNITY REALTY INVESTORS INC /TX/,IOR,IOR,NYSE,6798,SC 14D9,2024-12-16,8-K,0001999371-24-005726,2024-05-07T16:40:42-04:00,2024-05-07,2024-05-07T16:40:42-04:00,,,,,,,,,,3,no_terms
1871638-2024-12-02,1871638,BurTech Acquisition Corp.,BZAI,BZAI|BZAIW,Nasdaq,3674,DEFM14A,2024-12-02,,,,,,,,,,,,,,,,spac
102109-2024-11-27,102109,UNIVERSAL SECURITY INSTRUMENTS INC,UUU,UUU,NYSE,5065,PREM14A,2024-11-27,8-K,0001104659-24-112715,2024-10-30T23:24:44-04:00,2024-10-30,2024-10-30T23:24:44-04:00,,,,,,83.0,close,,,3,no_terms
215466-2024-11-14,215466,"Coeur Mining, Inc.",CDE,CDE,NYSE,1040,PREM14A,2024-11-14,,,,,,,,,,,,,,,,no_announcement_found
1355839-2024-11-12,1355839,"PALTALK, INC.",IPM,IPM,Nasdaq,7370,PREM14A,2024-11-12,8-K,0001213900-24-067418,2024-08-12T09:06:37-04:00,2024-08-12,2024-08-12T09:06:37-04:00,,,,,,,,PALT,,3,no_terms
1176334-2024-10-25,1176334,MARTIN MIDSTREAM PARTNERS L.P.,MMLP,MMLP,Nasdaq,5171,PREM14A,2024-10-25,8-K,0001176334-24-000123,2024-10-03T16:10:49-04:00,2024-10-03,2024-10-03T16:10:49-04:00,cash,4.02,,,,34.0,close,MMLP,4.02,3,ok
2024218-2024-10-21,2024218,Summit Midstream Corp,SMC,SMC,NYSE,4922,PREM14A,2024-10-21,,,,,,,,,,,,,,,,no_announcement_found
1521332-2024-10-15,1521332,Aptiv PLC,APTV,APTV,NYSE,3714,PREM14A,2024-10-15,,,,,,,,,,,,,,,,no_announcement_found
1454938-2024-10-04,1454938,Outbrain Inc.,TEAD,TEAD,Nasdaq,7370,PREM14A,2024-10-04,,,,,,,,,,,,,,,,no_announcement_found
1816007-2024-09-27,1816007,Lufax Holding Ltd,LU,LU,NYSE,6199,SC 14D9,2024-09-27,6-K,0001193125-24-174714,2024-07-03T09:20:49-04:00,2024-07-03,2024-07-03T09:20:49-04:00,,,,,,,,,,3,no_terms
1389545-2024-09-25,1389545,"NovaBay Pharmaceuticals, Inc.",SDEV,SDEV,NYSE,6199,PREM14A,2024-09-25,,,,,,,,,,,,,,,,no_announcement_found
1570585-2024-09-20,1570585,Liberty Global Ltd.,LBTYA,LBTYA|LBTYB|LBTYK,Nasdaq,4841,DEFM14A,2024-09-20,,,,,,,,,,,,,,,,no_announcement_found
1227636-2024-09-17,1227636,"Neuronetics, Inc.",STIM,STIM,Nasdaq,3841,PREM14A,2024-09-17,8-K,0001193125-24-199454,2024-08-13T08:56:54-04:00,2024-08-13,2024-08-13T08:56:54-04:00,,,,,,20.0,other,,,3,no_terms
1601830-2024-09-17,1601830,"RECURSION PHARMACEUTICALS, INC.",RXRX,RXRX,Nasdaq,2836,PREM14A,2024-09-17,,,,,,,,,,,,,,,,no_announcement_found
1004989-2024-09-13,1004989,"SPAR Group, Inc.",SGRP,SGRP,OTC,7389,PREM14A,2024-09-13,8-K,0001437749-24-028210,2024-09-03T08:05:10-04:00,2024-09-03,2024-09-03T08:05:10-04:00,cash,2.5,,True,,72.0,close,SGRP,2.5,5,ok
13156-2024-09-06,13156,"Galaxy Gaming, Inc.",GLXZ,GLXZ,OTC,7900,PREM14A,2024-09-06,DEFA14A,0000950170-24-087576,2024-07-30T11:39:03-04:00,2024-07-30,2024-07-30T11:39:03-04:00,,,,,,,,,,3,no_terms
944148-2024-09-03,944148,"CBIZ, Inc.",CBZ,CBZ,NYSE,7389,PREM14A,2024-09-03,8-K,0001193125-24-189467,2024-07-31T07:17:04-04:00,2024-07-31,2024-07-31T07:17:04-04:00,,,,,,,,CBZ,,3,no_terms
1747079-2024-08-28,1747079,Bally's Corp,BALY,BALY,NYSE,7011,PREM14A,2024-08-28,8-K,0001747079-24-000017,2024-03-12T10:51:10-04:00,2024-03-12,2024-03-12T10:51:10-04:00,cash,15.0,,,,,,BALY,15.0,3,ok
51434-2024-08-23,51434,INTERNATIONAL PAPER CO /NEW/,IP,IP|INPAP,NYSE,2621,PREM14A,2024-08-23,DEFA14A,0001193125-24-097354,2024-04-16T16:25:03-04:00,2024-04-16,2024-04-16T14:39:05-04:00,,,,,,,,,,3,no_terms
1570827-2024-08-20,1570827,"Victory Capital Holdings, Inc.",VCTR,VCTR,Nasdaq,6282,PREM14A,2024-08-20,,,,,,,,,,,,,,,,no_announcement_found
1609809-2024-08-15,1609809,"Seres Therapeutics, Inc.",MCRB,MCRB,Nasdaq,2834,PREM14A,2024-08-15,,,,,,,,,,,,,,,,no_announcement_found
874501-2024-08-02,874501,AMBAC FINANCIAL GROUP INC,OSG,OSG,NYSE,6351,PREM14A,2024-08-02,,,,,,,,,,,,,,,,no_announcement_found
1697500-2024-07-26,1697500,"Solaris Oilfield Infrastructure, Inc.",SEI,SEI,NYSE,3533,PREM14A,2024-07-26,,,,,,,,,,,,,,,,no_announcement_found
1041514-2024-07-23,1041514,LESAKA TECHNOLOGIES INC,LSAK,LSAK,Nasdaq,6099,PREM14A,2024-07-23,8-K,0001062993-24-009516,2024-05-07T16:05:25-04:00,2024-05-07,2024-05-07T16:05:25-04:00,,,,,,,,LSAK,,3,no_terms
912958-2024-07-15,912958,MILLICOM INTERNATIONAL CELLULAR SA,TIGO,TIGO|MLCMF,Nasdaq,4812,SC 14D9,2024-07-15,,,,,,,,,,,,,,,,no_announcement_found
1769624-2024-06-12,1769624,AGBA Group Holding Ltd.,ILLR,ILLR|ILLRW,Nasdaq,6282,PREM14A,2024-06-12,8-K,0001213900-24-038566,2024-05-01T17:00:27-04:00,2024-05-01,2024-05-01T17:00:27-04:00,,,,,,,,,,3,no_terms
752714-2024-06-10,752714,MCGRATH RENTCORP,MGRC,MGRC,Nasdaq,7359,DEFM14A,2024-06-10,8-K,0001193125-24-017316,2024-01-29T06:07:54-05:00,2024-01-29,2024-01-29T06:07:54-05:00,stock,,2.8211,,,10.1,close,WSC|MGRC,,5,ok
1831979-2024-05-23,1831979,Global Partner Acquisition Corp II,SDST,SDST|SDSTW,Nasdaq,3330,DEFM14A,2024-05-23,,,,,,,,,,,,,,,,spac
1675149-2024-05-20,1675149,Alcoa Corp,AA,AA,NYSE,3334,PREM14A,2024-05-20,8-K,0000950103-24-002771,2024-02-26T16:32:51-05:00,2024-02-26,2024-02-26T08:44:56-05:00,,,,,,,,,,3,no_terms
1768446-2024-05-17,1768446,"Eliem Therapeutics, Inc.",CLYM,CLYM,Nasdaq,2834,PREM14A,2024-05-17,DEFA14A,0001193125-24-092528,2024-04-11T08:10:59-04:00,2024-04-10,,,,,,,,,,,3,no_terms
1423221-2024-05-17,1423221,Quanex Building Products CORP,NX,NX,NYSE,3350,PREM14A,2024-05-17,,,,,,,,,,,,,,,,no_announcement_found
1518715-2024-05-16,1518715,"HomeStreet, Inc.",MCHB,MCHB,Nasdaq,6022,DEFM14A,2024-05-16,,,,,,,,,,,,,,,,no_announcement_found
1036044-2024-04-30,1036044,"Identiv, Inc.",INVE,INVE,Nasdaq,3577,PREM14A,2024-04-30,,,,,,,,,,,,,,,,no_announcement_found
1385157-2024-04-24,1385157,TE Connectivity Ltd.,TEL,TEL,NYSE,5065,DEFM14A,2024-04-24,,,,,,,,,,,,,,,,no_announcement_found
1609253-2024-04-23,1609253,California Resources Corp,CRC,CRC,NYSE,1311,PREM14A,2024-04-23,8-K,0001609253-24-000020,2024-02-09T17:07:29-05:00,2024-02-09,2024-02-09T08:50:19-05:00,,,,,,,,,,3,no_terms
1490054-2024-04-11,1490054,"VERDE BIO HOLDINGS, INC.",APHD,APHD,OTC,1311,DEFM14A,2024-04-11,8-K,0001096906-23-002378,2023-12-15T08:03:07-05:00,2023-12-15,2023-12-15T08:03:07-05:00,,,,True,,,,SSTC|VBHI,,3,no_terms
1486159-2024-03-27,1486159,Chord Energy Corp,CHRD,CHRD,Nasdaq,1311,PREM14A,2024-03-27,8-K,0001193125-24-046215,2024-02-26T16:17:08-05:00,2024-02-26,2024-02-26T16:17:08-05:00,,,,,,,,,,3,no_terms
1539838-2024-03-19,1539838,"Diamondback Energy, Inc.",FANG,FANG,Nasdaq,1311,PREM14A,2024-03-19,8-K,0001140361-24-011751,2024-03-06T21:58:05-05:00,2024-03-06,2024-03-06T21:58:05-05:00,,,,,,,,,,3,no_terms
1007019-2024-03-06,1007019,COFFEE HOLDING CO INC,JVA,JVA,Nasdaq,2090,DEFM14A,2024-03-06,,,,,,,,,,,,,,,,no_announcement_found
839087-2024-03-06,839087,VASO Corp,VASO,VASO,OTC,3845,PREM14A,2024-03-06,8-K,0001654954-23-015266,2023-12-07T20:42:13-05:00,2023-12-07,2023-12-07T20:42:13-05:00,,,,,,,,AVHI|VASO,,3,no_terms
1907223-2024-02-20,1907223,Redwoods Acquisition Corp.,GRML,GRML|GRMLW,Nasdaq,2836,DEFM14A,2024-02-20,,,,,,,,,,,,,,,,spac
1865506-2024-02-13,1865506,ESGEN Acquisition Corp,ZEO,ZEO|ZEOWW,Nasdaq,1700,DEFM14A,2024-02-13,,,,,,,,,,,,,,,,spac
1819493-2024-02-01,1819493,"Xos, Inc.",XOS,XOS,Nasdaq,3714,PREM14A,2024-02-01,,,,,,,,,,,,,,,,no_announcement_found
1831481-2024-01-31,1831481,Flame Acquisition Corp.,SOC,SOC,NYSE,1311,DEFM14A,2024-01-31,,,,,,,,,,,,,,,,spac
1560385-2024-01-30,1560385,Liberty Media Corp,FWONA,FWONA|FWONK|FWONB,Nasdaq,4833,PREM14A,2024-01-30,,,,,,,,,,,,,,,,no_announcement_found
1870404-2024-01-22,1870404,PHOENIX BIOTECH ACQUISITION CORP.,CERO,CERO|CEROW,OTC,2836,DEFM14A,2024-01-22,,,,,,,,,,,,,,,,spac
1836981-2024-01-16,1836981,"BigBear.ai Holdings, Inc.",BBAI,BBAI|BBAI-WT,NYSE,7372,PREM14A,2024-01-16,8-K,0001193125-23-270819,2023-11-06T06:31:03-05:00,2023-11-06,2023-11-06T06:31:03-05:00,,,,,,,,BBAI,,3,no_terms
1417663-2024-01-12,1417663,"SANUWAVE Health, Inc.",SNWV,SNWV,Nasdaq,3841,PREM14A,2024-01-12,,,,,,,,,,,,,,,,no_announcement_found
1282648-2024-01-12,1282648,BATTALION OIL CORP,BATL,BATL,NYSE,1311,PREM14A,2024-01-12,8-K,0001558370-23-019851,2023-12-15T17:43:24-05:00,2023-12-15,2023-12-15T17:43:24-05:00,cash,9.8,,,,,,BATL,9.8,5,ok
1549107-2023-12-26,1549107,Manchester United plc,MANU,MANU,NYSE,7900,SC14D9C,2023-12-26,6-K,0001104659-23-129240,2023-12-26T17:00:13-05:00,2023-12-24,,cash,33.0,,,,,,MANU,33.0,3,ok
1527728-2023-12-22,1527728,RENOVARO BIOSCIENCES INC.,LNAI,LNAI,Nasdaq,2834,PREM14A,2023-12-22,,,,,,,,,,,,,,,,no_announcement_found
1913577-2023-12-15,1913577,Denali Capital Acquisition Corp.,SMNR,SMNR|SMNRW,OTC,2834,DEFM14A,2023-12-15,,,,,,,,,,,,,,,,spac
1722684-2023-12-12,1722684,"WYNDHAM HOTELS & RESORTS, INC.",WH,WH,NYSE,7011,SC14D9C,2023-12-12,425,0001193125-23-257247,2023-10-17T06:41:03-04:00,2023-10-17,2023-10-17T06:41:03-04:00,mixed,49.5,0.324,,,37.0,close,CHH|WH,49.5|90.0,3,ok
1930313-2023-11-09,1930313,"Pono Capital Two, Inc.",SBC,SBC|SBCWW,Nasdaq,8011,PREM14A,2023-11-09,,,,,,,,,,,,,,,,no_announcement_found
1462223-2023-11-08,1462223,"Recruiter.com Group, Inc.",NIXX,NIXX,Nasdaq,7371,PREM14A,2023-11-08,8-K,0001654954-23-007824,2023-06-08T20:11:12-04:00,2023-06-08,2023-06-08T20:11:12-04:00,,,,,,,,RCRT|RCRTW|GOLQ,,3,no_terms
866374-2023-10-27,866374,FLEX LTD.,FLEX,FLEX,Nasdaq,3672,DEFM14A,2023-10-27,,,,,,,,,,,,,,,,no_announcement_found
1481241-2023-10-25,1481241,Performance Shipping Inc.,PSHG,PSHG,Nasdaq,4412,SC 14D9,2023-10-25,,,,,,,,,,,,,,,,no_announcement_found
1437925-2023-10-20,1437925,"Golden Matrix Group, Inc.",MRDN,MRDN,Nasdaq,7372,PREM14A,2023-10-20,8-K,0001477932-23-007193,2023-09-28T21:18:03-04:00,2023-09-28,2023-09-28T21:18:03-04:00,,,,,,,,,,3,no_terms
1039828-2023-10-11,1039828,AMERICAN EQUITY INVESTMENT LIFE HOLDING CO,ANG-PD,ANG-PD,NYSE,6311,DEFM14A,2023-10-11,8-K,0001104659-23-074983,2023-06-27T07:00:27-04:00,2023-06-27,2023-06-27T06:50:18-04:00,cash,38.85,,,,,,AEL,38.85,3,ok
1595527-2023-10-10,1595527,American Strategic Investment Co.,NYC,NYC,NYSE,6798,SC 14D9,2023-10-10,,,,,,,,,,,,,,,,no_announcement_found
1628171-2023-09-29,1628171,"Revolution Medicines, Inc.",RVMD,RVMD|RVMDW,Nasdaq,2836,DEFM14A,2023-09-29,8-K,0001193125-23-199907,2023-08-01T07:10:52-04:00,2023-07-31,2023-07-31T21:41:04-04:00,,,,,,,,RVMD|EQRX,,3,no_terms
1651721-2023-09-13,1651721,"GENERATION INCOME PROPERTIES, INC.",GIPR,GIPR,Nasdaq,6798,PREM14A,2023-09-13,,,,,,,,,,,,,,,,no_announcement_found
1530721-2023-09-08,1530721,Capri Holdings Ltd,CPRI,CPRI,NYSE,3100,PREM14A,2023-09-08,8-K,0001193125-23-208278,2023-08-10T09:20:28-04:00,2023-08-10,2023-08-10T09:20:28-04:00,cash,57.0,,,,59.0,vwap,TPR|CPRI,57.0,5,ok
1084201-2023-09-05,1084201,SINOVAC BIOTECH LTD,SVA,SVA,Nasdaq,2834,SC 14D9,2023-09-05,,,,,,,,,,,,,,,,no_announcement_found
1164727-2023-08-23,1164727,NEWMONT Corp /DE/,NEM,NEM|NEMCL,NYSE,1040,PREM14A,2023-08-23,8-K,0001104659-23-060865,2023-05-15T16:44:16-04:00,2023-05-15,2023-05-15T16:44:16-04:00,stock,,0.4,,,,,NEM,,3,ok
1383395-2023-08-07,1383395,SEQUANS COMMUNICATIONS,SQNS,SQNS,NYSE,3674,SC14D9C,2023-08-07,6-K,0001383395-23-000040,2023-08-07T06:01:13-04:00,2023-08-07,2023-08-07T06:01:13-04:00,cash,3.03,,,,42.3,close,SQNS,3.03,7,ok
1900679-2023-08-03,1900679,Technology & Telecommunication Acquisition Corp,TETEF,TETEF|TETUF|TETWF,OTC,7389,PREM14A,2023-08-03,,,,,,,,,,,,,,,,spac
1075415-2023-07-21,1075415,DIVERSIFIED HEALTHCARE TRUST,DHC,DHC|DHCNI|DHCNL,Nasdaq,6798,DEFM14A,2023-07-21,8-K,0001104659-23-010487,2023-02-03T16:07:28-05:00,2023-02-02,,,,,,,,,,,3,no_terms
1517767-2023-07-18,1517767,Carlyle Credit Income Fund,CCIF,CCIF|CCID,NYSE,,SC 14D9,2023-07-18,,,,,,,,,,,,,,,,no_announcement_found
1660734-2023-07-06,1660734,Triton International Ltd,TRTN-PA,TRTN-PA|TRTN-PB|TRTN-PC|TRTN-PD|TRTN-PE|TRTN-PF|TRTN-PG,NYSE,7359,DEFM14A,2023-07-06,425,0001104659-23-044306,2023-04-12T07:30:43-04:00,2023-04-11,,cash,68.5,,,,35.0,close,TRTN|BIP|BIPC,68.5,5,ok
1803599-2023-06-23,1803599,Concentrix Corp,CNXC,CNXC,Nasdaq,7389,PREM14A,2023-06-23,8-K,0001803599-23-000091,2023-03-31T16:31:17-04:00,2023-03-29,2023-03-29T16:19:19-04:00,,,,,,,,,,3,no_terms
875355-2023-06-15,875355,INSIGNIA SYSTEMS INC/MN,TULP,TULP,Nasdaq,0100,PREM14A,2023-06-15,,,,,,,,,,,,,,,,no_announcement_found
1755237-2023-06-09,1755237,"Cyclerion Therapeutics, Inc.",KRSA,KRSA,Nasdaq,2834,PREM14A,2023-06-09,DEFA14A,0001140361-23-024220,2023-05-11T23:28:56-04:00,2023-05-11,2023-05-11T23:26:02-04:00,,,,,,,,,,3,no_terms
1818383-2023-06-09,1818383,"MediaAlpha, Inc.",MAX,MAX,NYSE,7389,SC 14D9,2023-06-09,,,,,,,,,,,,,,,,no_announcement_found
1817232-2023-06-05,1817232,Dune Acquisition Corp,HGAS,HGAS|HGASW,OTC,2810,PREM14A,2023-06-05,,,,,,,,,,,,,,,,spac
1605888-2023-06-05,1605888,"SeqLL, Inc.",CIRC,CIRC,Nasdaq,7363,PREM14A,2023-06-05,8-K,0001213900-23-044473,2023-05-31T16:15:24-04:00,2023-05-30,,,,,,,,,SQL,,3,no_terms
1094831-2023-05-26,1094831,"BGC Partners, Inc.",BGC,BGC,Nasdaq,6200,DEFM14A,2023-05-26,8-K,0001193125-22-286325,2022-11-16T13:32:34-05:00,2022-11-16,2022-11-16T13:32:34-05:00,,,,,,,,BGCP,,3,no_terms
1859035-2023-05-22,1859035,Mountain Crest Acquisition Corp. V,MCAG,MCAG|MCAGR|MCAGU,OTC,3841,DEFM14A,2023-05-22,,,,,,,,,,,,,,,,spac
1837607-2023-05-12,1837607,Priveterra Acquisition Corp.,AEON,AEON,NYSE,2834,DEFM14A,2023-05-12,,,,,,,,,,,,,,,,spac
1863990-2023-05-10,1863990,Sportsmap Tech Acquisition Corp.,MSAI,MSAI|MSAIW,Nasdaq,3827,PREM14A,2023-05-10,,,,,,,,,,,,,,,,spac
1843973-2023-05-05,1843973,EG Acquisition Corp.,FLYX,FLYX|FLYX-WT,NYSE,4522,PREM14A,2023-05-05,,,,,,,,,,,,,,,,spac
1014052-2023-05-02,1014052,"Digerati Technologies, Inc.",DTGI,DTGI,OTC,7374,PREM14A,2023-05-02,8-K,0001213900-22-054246,2022-09-06T16:28:38-04:00,2022-09-06,2022-09-06T16:28:38-04:00,,,,,,,,DTGI|MEOA,,3,no_terms
1570585-2023-04-24,1570585,Liberty Global plc,LBTYA,LBTYA|LBTYB|LBTYK,Nasdaq,4841,PREM14A,2023-04-24,,,,,,,,,,,,,,,,no_announcement_found
1517396-2023-04-14,1517396,STRATASYS LTD.,SSYS,SSYS,Nasdaq,3577,SC14D9C,2023-04-14,SC TO-C,0001213900-23-026738,2023-04-04T13:21:03-04:00,2023-04-03,,cash,20.05,,,,41.0,close,NNDM|SSYS,20.05,3,ok
1124105-2023-03-30,1124105,"CATALYST BIOSCIENCES, INC.",GYRE,GYRE,Nasdaq,2834,PREM14A,2023-03-30,,,,,,,,,,,,,,,,no_announcement_found
1881551-2023-03-20,1881551,Nubia Brand International Corp.,STI,STI,Nasdaq,3690,PREM14A,2023-03-20,8-K,0001213900-23-012602,2023-02-17T08:58:53-05:00,2023-02-16,,,,,,,,,NUBI,,3,no_terms
1842556-2023-02-14,1842556,HNR Acquisition Corp.,EONR,EONR|EONR-WT,NYSE,1311,PREM14A,2023-02-14,,,,,,,,,,,,,,,,spac
1839530-2023-02-13,1839530,CF Acquisition Corp. VIII,XBP,XBP|XBPEW,Nasdaq,7389,PREM14A,2023-02-13,,,,,,,,,,,,,,,,spac
1883984-2023-01-23,1883984,Clean Earth Acquisitions Corp.,ALCE,ALCE|ACLEW|ADIS,,4931,PREM14A,2023-01-23,,,,,,,,,,,,,,,,no_announcement_found
1724965-2023-01-10,1724965,TALOS ENERGY INC.,TALO,TALO,NYSE,1311,DEFM14A,2023-01-10,8-K,0001193125-22-248720,2022-09-22T11:07:04-04:00,2022-09-22,2022-09-22T11:07:04-04:00,,,,,,,,TALO,,3,no_terms
1816581-2022-12-14,1816581,"Ouster, Inc.",OUST,OUST,Nasdaq,3569,DEFM14A,2022-12-14,425,0001193125-22-278445,2022-11-07T06:35:00-05:00,2022-11-04,,stock,,0.8204,,,,,,,3,ok
1534133-2022-12-14,1534133,"GRAYBUG VISION, INC.",CALC,CALC,Nasdaq,2834,PREM14A,2022-12-14,8-K,0001193125-22-290244,2022-11-22T02:49:03-05:00,2022-11-22,2022-11-22T02:49:03-05:00,,,,,,,,GRAY,,3,no_terms
1707925-2022-11-22,1707925,LINDE PLC,LIN,LIN,Nasdaq,2810,PREM14A,2022-11-22,,,,,,,,,,,,,,,,no_announcement_found
1846235-2022-11-14,1846235,International Media Acquisition Corp.,IMAQ,IMAQ|IMAQR|IMAQU|IMAQW,OTC,7812,PREM14A,2022-11-14,,,,,,,,,,,,,,,,spac
1831481-2022-11-10,1831481,Flame Acquisition Corp.,SOC,SOC,NYSE,1311,PREM14A,2022-11-10,,,,,,,,,,,,,,,,spac
1498547-2022-11-01,1498547,"CIM REAL ESTATE FINANCE TRUST, INC.",CMRF,CMRF,OTC,6798,SC 14D9,2022-11-01,,,,,,,,,,,,,,,,no_announcement_found
1826397-2022-10-28,1826397,AGRIFORCE GROWING SYSTEMS LTD.,AVX,AVX,Nasdaq,6199,PREM14A,2022-10-28,,,,,,,,,,,,,,,,no_announcement_found
1707502-2022-10-28,1707502,Solid Biosciences Inc.,SLDB,SLDB,Nasdaq,2836,PREM14A,2022-10-28,DEFA14A,0001193125-22-254812,2022-09-30T07:11:08-04:00,2022-09-29,,,,,,,,,,,3,no_terms
728387-2022-10-25,728387,"Isoray, Inc.",CATX,CATX,NYSE,2834,PREM14A,2022-10-25,,,,,,,,,,,,,,,,no_announcement_found
1814287-2022-10-14,1814287,East Resources Acquisition Co,ABX,ABX|ABXL,NYSE,6282,PREM14A,2022-10-14,,,,,,,,,,,,,,,,spac
1590364-2022-10-11,1590364,Fortress Transportation & Infrastructure Investors LLC,FTAI,FTAI|FTAIM,Nasdaq,7350,DEFM14A,2022-10-11,,,,,,,,,,,,,,,,no_announcement_found
1928446-2022-09-29,1928446,"Granite Ridge Resources, Inc.",GRNT,GRNT,NYSE,1311,DEFM14A,2022-09-29,,,,,,,,,,,,,,,,no_announcement_found
1672619-2022-09-23,1672619,IMARA Inc.,ELVN,ELVN,Nasdaq,2834,PREM14A,2022-09-23,,,,,,,,,,,,,,,,no_announcement_found
1716621-2022-09-23,1716621,"Ra Medical Systems, Inc.",VTAK,VTAK,NYSE,3841,PREM14A,2022-09-23,DEFA14A,0001564590-22-031426,2022-09-10T00:50:10-04:00,2022-09-09,,,,,,,,,,,3,no_terms
1869974-2022-09-16,1869974,Aesther Healthcare Acquisition Corp.,OCEA,OCEA,OTC,2834,PREM14A,2022-09-16,,,,,,,,,,,,,,,,spac
894627-2022-08-19,894627,VAALCO ENERGY INC /DE/,EGY,EGY,NYSE,1311,PREM14A,2022-08-19,,,,,,,,,,,,,,,,no_announcement_found
1516551-2022-08-15,1516551,"Skye Bioscience, Inc.",SKYE,SKYE,Nasdaq,2834,PREM14A,2022-08-15,8-K,0001516551-22-000010,2022-05-12T09:08:42-04:00,2022-05-12,2022-05-12T09:08:42-04:00,,,,,,,,SKYE,,3,no_terms
1841425-2022-08-12,1841425,CENAQ Energy Corp.,VGAS,VGAS|VGASW,Nasdaq,2860,PREM14A,2022-08-12,,,,,,,,,,,,,,,,no_announcement_found
1528985-2022-08-11,1528985,"Inland Real Estate Income Trust, Inc.",INRE,INRE,OTC,6798,SC 14D9,2022-08-11,SC TO-C,0001104659-22-079512,2022-07-13T16:12:21-04:00,2022-07-13,2022-07-13T16:12:21-04:00,cash,11.18,,,,,,,11.18,3,ok
1671858-2022-08-11,1671858,"Silverback Therapeutics, Inc.",SPRY,SPRY,Nasdaq,2834,PREM14A,2022-08-11,DEFA14A,0001193125-22-199252,2022-07-21T21:05:38-04:00,2022-07-21,2022-07-21T21:01:57-04:00,,,,,,,,,,3,no_terms
1841209-2022-08-05,1841209,Golden Path Acquisition Corp,HOLO,HOLO|HOLOW,Nasdaq,7370,PREM14A,2022-08-05,,,,,,,,,,,,,,,,spac
1800392-2022-08-03,1800392,Venus Acquisition Corp,MLGO,MLGO|VENAF,Nasdaq,7371,PREM14A,2022-08-03,,,,,,,,,,,,,,,,spac
1771706-2022-07-20,1771706,"Goodness Growth Holdings, Inc.",VREOF,VREOF,OTC,2834,PREM14A,2022-07-20,8-K,0001558370-22-000661,2022-02-01T07:45:04-05:00,2022-02-01,2022-02-01T07:45:04-05:00,,,,,,,,VRNOF|GDNSF,,3,no_terms
1907982-2022-07-13,1907982,D-Wave Quantum Inc.,QBTS,QBTS,Nasdaq,7374,DEFM14A,2022-07-13,,,,,,,,,,,,,,,,no_announcement_found
1604481-2022-07-12,1604481,Euronav NV,CMBT,CMBT,NYSE,4412,SC14D9C,2022-07-12,,,,,,,,,,,,,,,,no_announcement_found
1628063-2022-07-07,1628063,Seritage Growth Properties,SRG-PA,SRG-PA|SRG,NYSE,6500,PREM14A,2022-07-07,,,,,,,,,,,,,,,,no_announcement_found
1266806-2022-06-24,1266806,SECOND SIGHT MEDICAL PRODUCTS INC,VANI,VANI,Nasdaq,3845,DEFM14A,2022-06-24,,,,,,,,,,,,,,,,no_announcement_found
1847846-2022-06-15,1847846,8i Acquisition 2 Corp.,EUDA,EUDA|EUDAW,Nasdaq,8000,PREM14A,2022-06-15,,,,,,,,,,,,,,,,no_announcement_found
1658566-2022-06-10,1658566,"Centennial Resource Development, Inc.",PR,PR,NYSE,1311,PREM14A,2022-06-10,DEFA14A,0001193125-22-154488,2022-05-19T07:16:05-04:00,2022-05-19,2022-05-19T07:13:09-04:00,,,,,,,,CDEV,,3,no_terms
25743-2022-05-31,25743,"TherapeuticsMD, Inc.",TXMD,TXMD,Nasdaq,2834,SC14D9C,2022-05-31,8-K,0001564590-22-021755,2022-05-31T06:47:10-04:00,2022-05-31,2022-05-31T06:47:10-04:00,cash,10.0,,,,367.3,close,TXMD,10.0,5,ok
1841761-2022-05-16,1841761,Virgin Group Acquisition Corp. II,GROV,GROV|GROVW,NYSE,5961,DEFM14A,2022-05-16,,,,,,,,,,,,,,,,spac
1854270-2022-05-13,1854270,Dynamics Special Purpose Corp.,SNTI,SNTI,Nasdaq,2836,DEFM14A,2022-05-13,425,0001193125-21-361735,2021-12-20T07:15:23-05:00,2021-12-20,2021-12-20T07:11:45-05:00,,,,,,,,,,3,no_terms
1601548-2022-04-27,1601548,"Vectrus, Inc.",VVX,VVX,NYSE,8744,PREM14A,2022-04-27,,,,,,,,,,,,,,,,no_announcement_found
1854963-2022-04-15,1854963,Northern Lights Acquisition Corp.,SHFS,SHFS|SHFSW,Nasdaq,6199,PREM14A,2022-04-15,,,,,,,,,,,,,,,,spac
36966-2022-04-12,36966,FIRST HORIZON CORP,FHN,FHN|FHN-PE|FHN-PF|FHN-PH,NYSE,6021,PREM14A,2022-04-12,8-K,0000930413-22-000362,2022-02-28T12:05:48-05:00,2022-02-28,2022-02-28T12:05:48-05:00,cash,25.0,,,,,,FHN,25.0,3,ok
761648-2022-04-05,761648,"CEDAR REALTY TRUST, INC.",CDR-PB,CDR-PB|CDR-PC,NYSE,6798,PREM14A,2022-04-05,8-K,0001193125-22-064518,2022-03-03T17:22:12-05:00,2022-03-02,,cash,29.0,,,,16.6,close,CDR|WHLR,29.0,3,ok
711377-2022-03-18,711377,NEOGEN CORP,NEOG,NEOG,Nasdaq,2835,PREM14A,2022-03-18,8-K,0001193125-21-357430,2021-12-15T08:02:33-05:00,2021-12-15,2021-12-15T08:02:33-05:00,,,,,,,,,,3,no_terms
1826667-2022-02-14,1826667,MedTech Acquisition Corp,TLSI,TLSI|TLSIW,Nasdaq,3841,DEFM14A,2022-02-14,,,,,,,,,,,,,,,,spac
1774675-2022-02-14,1774675,Skillsoft Corp.,SKIL,SKIL,NYSE,7372,PREM14A,2022-02-14,425,0001104659-21-078290,2021-06-08T20:58:42-04:00,2021-06-08,2021-06-08T16:48:42-04:00,,,,,,,,CCX,,3,no_terms
61004-2022-02-14,61004,LGL GROUP INC,LGL,LGL,NYSE,3679,PREM14A,2022-02-14,,,,,,,,,,,,,,,,no_announcement_found
1850270-2022-02-14,1850270,Social Capital Suvretta Holdings Corp. III,PROK,PROK,Nasdaq,2836,PREM14A,2022-02-14,,,,,,,,,,,,,,,,no_announcement_found
1819253-2022-02-11,1819253,Haymaker Acquisition Corp. III,BTMD,BTMD,Nasdaq,2833,PREM14A,2022-02-11,,,,,,,,,,,,,,,,spac
797721-2022-02-09,797721,VIASAT INC,VSAT,VSAT,Nasdaq,4899,PREM14A,2022-02-09,DEFA14A,0001193125-21-322285,2021-11-08T12:06:14-05:00,2021-11-08,2021-11-08T12:04:18-05:00,,,,True,,,,,,3,no_terms
1091596-2022-02-04,1091596,"Nuo Therapeutics, Inc.",AURX,AURX,OTC,3841,SC 14D9,2022-02-04,,,,,,,,,,,,,,,,no_announcement_found
1772016-2022-02-03,1772016,"BELLRING BRANDS, INC.",BRBR,BRBR,NYSE,2000,DEFM14A,2022-02-03,,,,,,,,,,,,,,,,no_announcement_found
1479681-2022-02-03,1479681,"Clinigence Holdings, Inc.",NUTX,NUTX,Nasdaq,7389,PREM14A,2022-02-03,8-K,0001607062-21-000440,2021-10-21T16:58:55-04:00,2021-10-21,2021-10-21T16:58:55-04:00,,,,,,,,CLNH,,3,no_terms
1817232-2022-01-26,1817232,Dune Acquisition Corp,HGAS,HGAS|HGASW,OTC,2810,PREM14A,2022-01-26,,,,,,,,,,,,,,,,spac
1769624-2022-01-18,1769624,AGBA Acquisition Ltd,ILLR,ILLR|ILLRW,Nasdaq,6282,PREM14A,2022-01-18,,,,,,,,,,,,,,,,spac
703604-2022-01-14,703604,LAWSON PRODUCTS INC/NEW/DE/,DSGR,DSGR,Nasdaq,5080,PREM14A,2022-01-14,8-K,0001193125-22-001102,2022-01-04T13:01:03-05:00,2022-01-04,2022-01-04T13:01:03-05:00,,,,,,,,,,3,no_terms
1839341-2022-01-03,1839341,Power & Digital Infrastructure Acquisition Corp.,CORZ,CORZ|CORZR|CORZW|CORZZ,Nasdaq,6199,DEFM14A,2022-01-03,,,,,,,,,,,,,,,,spac
1823652-2021-12-30,1823652,Zanite Acquisition Corp.,EVEX,EVEX|EVEX-WT,NYSE,3721,PREM14A,2021-12-30,,,,,,,,,,,,,,,,spac
1580490-2021-12-17,1580490,I-ON Digital Corp.,IONI,IONI,OTC,6199,PREM14A,2021-12-17,,,,,,,,,,,,,,,,no_announcement_found
926282-2021-12-02,926282,ADTRAN INC,ADTN,ADTN,Nasdaq,3661,DEFM14A,2021-12-02,,,,,,,,,,,,,,,,no_announcement_found
84748-2021-12-01,84748,ROGERS CORP,ROG,ROG,NYSE,2821,PREM14A,2021-12-01,8-K,0000084748-21-000059,2021-11-02T09:11:38-04:00,2021-11-02,2021-11-02T09:11:38-04:00,cash,277.0,,,,,,ROG,277.0,7,ok
714310-2021-11-23,714310,VALLEY NATIONAL BANCORP,VLY,VLY|VLYPP|VLYPO|VLYPN,Nasdaq,6021,PREM14A,2021-11-23,425,0001193125-21-204778,2021-06-30T20:41:52-04:00,2021-06-30,2021-06-30T01:32:59-04:00,,,,,,,,,,3,no_terms
1692787-2021-11-16,1692787,Altus Midstream Co,KNTK,KNTK,NYSE,4922,PREM14A,2021-11-16,,,,,,,,,,,,,,,,no_announcement_found
1527469-2021-11-05,1527469,Athene Holding Ltd,ATH-PA,ATH-PA|ATH-PB|ATH-PD|ATH-PE|ATHS,NYSE,6311,DEFM14A,2021-11-05,,,,,,,,,,,,,,,,no_announcement_found
799165-2021-11-01,799165,DAWSON GEOPHYSICAL CO,DWSN,DWSN,Nasdaq,1382,SC 14D9,2021-11-01,8-K,0001104659-21-129180,2021-10-25T06:05:05-04:00,2021-10-25,2021-10-25T06:05:05-04:00,cash,2.34,,True,,,,DWSN,2.34,5,ok
1821586-2021-10-29,1821586,Helix Acquisition Corp,MLTX,MLTX,Nasdaq,2834,PREM14A,2021-10-29,,,,,,,,,,,,,,,,spac
1823587-2021-10-22,1823587,Yellowstone Acquisition Co,SKYH,SKYH|SKYH-WT,NYSE,6500,PREM14A,2021-10-22,,,,,,,,,,,,,,,,spac
1692115-2021-10-15,1692115,"Southwest Gas Holdings, Inc.",SWX,SWX,NYSE,4923,SC14D9C,2021-10-15,8-K,0001193125-21-203319,2021-06-29T16:30:44-04:00,2021-06-29,2021-06-29T16:30:44-04:00,,,,,,,,,,3,no_terms
1799567-2021-10-06,1799567,"DoubleDown Interactive Co., Ltd.",DDI,DDI,Nasdaq,7374,SC 14D9,2021-10-06,,,,,,,,,,,,,,,,no_announcement_found
890394-2021-09-30,890394,"MoSys, Inc.",PRSO,PRSO,Nasdaq,3674,PREM14A,2021-09-30,,,,,,,,,,,,,,,,no_announcement_found
1512673-2021-09-23,1512673,"Square, Inc.",XYZ,XYZ|BSQKZ,NYSE,7372,PREM14A,2021-09-23,,,,,,,,,,,,,,,,no_announcement_found
1820302-2021-09-17,1820302,VPC Impact Acquisition Holdings,BKKT,BKKT|BKKT-WT,NYSE,6199,DEFM14A,2021-09-17,,,,,,,,,,,,,,,,no_announcement_found
849399-2021-09-17,849399,NortonLifeLock Inc.,GEN,GEN|GENVR,Nasdaq,7372,PREM14A,2021-09-17,8-K,0001104659-21-102969,2021-08-10T17:30:45-04:00,2021-08-10,2021-08-10T17:30:45-04:00,cash,2.37,,,,28.0,vwap,NLOK|AVST,2.37,3,ok
1805833-2021-09-16,1805833,Trebia Acquisition Corp.,SST,SST|SSTPW,NYSE,7370,PREM14A,2021-09-16,,,,,,,,,,,,,,,,spac
862022-2021-09-15,862022,HUGOTON ROYALTY TRUST,HGTXU,HGTXU,OTC,6792,PREM14A,2021-09-15,,,,,,,,,,,,,,,,no_announcement_found
64463-2021-08-30,64463,MECHANICAL TECHNOLOGY INC,SLNH,SLNH|SLNHP,Nasdaq,6199,PREM14A,2021-08-30,,,,,,,,,,,,,,,,no_announcement_found
1840776-2021-08-27,1840776,Aldel Financial Inc.,HGTY,HGTY,NYSE,6411,PREM14A,2021-08-27,,,,,,,,,,,,,,,,no_announcement_found
1288847-2021-08-26,1288847,"Five9, Inc.",FIVN,FIVN,Nasdaq,7374,DEFM14A,2021-08-26,8-K,0001193125-21-217962,2021-07-19T06:05:04-04:00,2021-07-19,2021-07-19T06:05:04-04:00,stock,,0.5533,,,,,,,5,ok
1825024-2021-08-12,1825024,"Supernova Partners Acquisition Company, Inc.",OPAD,OPAD,Nasdaq,6531,DEFM14A,2021-08-12,,,,,,,,,,,,,,,,spac
1832511-2021-08-12,1832511,Foresight Acquisition Corp.,PIII,PIII|PIIIW,Nasdaq,8000,PREM14A,2021-08-12,,,,,,,,,,,,,,,,spac
1836981-2021-08-09,1836981,"GigCapital4, Inc.",BBAI,BBAI|BBAI-WT,NYSE,7372,PREM14A,2021-08-09,,,,,,,,,,,,,,,,no_announcement_found
1395213-2021-07-30,1395213,EDENOR,EDN,EDN,NYSE,4911,SC 14D9,2021-07-30,6-K,0001292814-21-003196,2021-07-29T19:07:18-04:00,2021-07-29,2021-07-29T10:04:43-04:00,,,,,,,,,,3,no_terms
1499961-2021-07-27,1499961,"Net Element, Inc.",BINI,BINI,OTC,3711,DEFM14A,2021-07-27,,,,,,,,,,,,,,,,no_announcement_found
1824893-2021-07-15,1824893,Consonance-HFW Acquisition Corp.,SRZN,SRZN,Nasdaq,2836,DEFM14A,2021-07-15,,,,,,,,,,,,,,,,spac
1630212-2021-07-15,1630212,Avalon GloboCare Corp.,CHGA,CHGA,Nasdaq,7371,PREM14A,2021-07-15,,,,,,,,,,,,,,,,no_announcement_found
1646188-2021-06-23,1646188,Ondas Holdings Inc.,ONDS,ONDS,Nasdaq,3663,PREM14A,2021-06-23,8-K,0001213900-20-041615,2020-12-08T16:45:31-05:00,2020-12-08,2020-12-08T16:45:31-05:00,,,,,,,,,,3,no_terms
1422142-2021-06-21,1422142,"Aerpio Pharmaceuticals, Inc.",WHWK,WHWK,Nasdaq,2834,PREM14A,2021-06-21,,,,,,,,,,,,,,,,no_announcement_found
1596961-2021-06-21,1596961,"RumbleON, Inc.",RDNW,RDNW,Nasdaq,7371,PREM14A,2021-06-21,,,,,,,,,,,,,,,,no_announcement_found
22701-2021-06-04,22701,COMMUNICATIONS SYSTEMS INC,SUNE,SUNE,Nasdaq,1700,PREM14A,2021-06-04,8-K,0000897101-21-000142,2021-03-03T06:42:45-05:00,2021-03-02,,,,,True,,,,JCS,,3,no_terms
1809104-2021-06-04,1809104,Foley Trasimene Acquisition Corp.,ALIT,ALIT,NYSE,7389,DEFM14A,2021-06-04,,,,,,,,,,,,,,,,spac
888746-2021-06-03,888746,UNITED BREWERIES CO INC,CCU,CCU,NYSE,2082,SC 14D9,2021-06-03,SC TO-C,0001140361-21-017817,2021-05-18T09:16:52-04:00,2021-05-18,2021-05-18T09:14:41-04:00,,,,,,,,,,3,no_terms
1777921-2021-06-02,1777921,Apex Technology Acquisition Corp,AVPT,AVPT,Nasdaq,7372,DEFM14A,2021-06-02,,,,,,,,,,,,,,,,spac
1823144-2021-05-28,1823144,Roman DBDR Tech Acquisition Corp.,GPGI,GPGI,NYSE,6199,PREM14A,2021-05-28,,,,,,,,,,,,,,,,spac
1779474-2021-05-26,1779474,Silver Spike Acquisition Corp.,MAPS,MAPS,OTC,7372,DEFM14A,2021-05-26,,,,,,,,,,,,,,,,spac
1823878-2021-05-25,1823878,Acies Acquisition Corp.,MYPS,MYPS,Nasdaq,7372,DEFM14A,2021-05-25,,,,,,,,,,,,,,,,spac
1747079-2021-05-19,1747079,Bally's Corp,BALY,BALY,NYSE,7011,PREM14A,2021-05-19,8-K,0001747079-20-000117,2020-10-29T07:00:27-04:00,2020-10-29,2020-10-29T07:00:27-04:00,,,,,,,,TRWH|CZR,,3,no_terms
1824403-2021-05-14,1824403,Roth CH Acquisition II Co,RSVR,RSVR,Nasdaq,7900,PREM14A,2021-05-14,,,,,,,,,,,,,,,,no_announcement_found
1826681-2021-05-14,1826681,Rotor Acquisition Corp.,PDYN,PDYN|PDYNW,Nasdaq,7372,PREM14A,2021-05-14,,,,,,,,,,,,,,,,spac
1439288-2021-05-11,1439288,Rexnord Corp,ZWS,ZWS,NYSE,3560,PREM14A,2021-05-11,8-K,0001439288-21-000018,2021-02-16T07:30:56-05:00,2021-02-16,2021-02-16T06:36:46-05:00,,,,,,,,RBC|RXN,,3,no_terms
1818331-2021-05-06,1818331,"CM Life Sciences, Inc.",WGS,WGS,Nasdaq,8000,PREM14A,2021-05-06,,,,,,,,,,,,,,,,no_announcement_found
1177394-2021-05-03,1177394,SYNNEX CORP,SNX,SNX,NYSE,5045,PREM14A,2021-05-03,8-K,0001193125-21-089568,2021-03-22T16:21:07-04:00,2021-03-22,2021-03-22T07:57:32-04:00,,,,,,,,,,3,no_terms
1325702-2021-04-19,1325702,MAGNACHIP SEMICONDUCTOR Corp,MX,MX,NYSE,3674,PREM14A,2021-04-19,DEFA14A,0001193125-21-097518,2021-03-29T12:32:59-04:00,2021-03-25,,cash,29.0,,,,,,,29.0,3,ok
1674168-2021-04-15,1674168,Hilton Grand Vacations Inc.,HGV,HGV,NYSE,7000,PREM14A,2021-04-15,DEFA14A,0001193125-21-077759,2021-03-11T16:03:55-05:00,2021-03-11,2021-03-11T16:02:45-05:00,,,,,,,,,,3,no_terms
1094285-2021-04-12,1094285,TELEDYNE TECHNOLOGIES INC,TDY,TDY,NYSE,3812,DEFM14A,2021-04-12,8-K,0001193125-21-002733,2021-01-06T10:50:55-05:00,2021-01-06,2021-01-06T10:50:55-05:00,cash,28.0,,,,,,,28.0,3,ok
1818502-2021-03-18,1818502,FG New America Acquisition Corp.,OPFI,OPFI,NYSE,6199,PREM14A,2021-03-18,,,,,,,,,,,,,,,,spac
1137789-2021-03-03,1137789,Seagate Technology plc,STX,STX,Nasdaq,3572,DEFM14A,2021-03-03,,,,,,,,,,,,,,,,no_announcement_found
1731348-2021-02-19,1731348,"Tilray, Inc.",TLRY,TLRY,Nasdaq,2833,PREM14A,2021-02-19,8-K,0001193125-20-318610,2020-12-16T08:19:30-05:00,2020-12-16,2020-12-16T08:19:30-05:00,stock,,0.8381,,,,,APHA|TLRY,,3,ok
49196-2021-02-17,49196,HUNTINGTON BANCSHARES INC/MD,HBAN,HBAN|HBANL|HBANM|HBANP|HBANZ,Nasdaq,6021,DEFM14A,2021-02-17,,,,,,,,,,,,,,,,no_announcement_found
1760689-2021-02-16,1760689,Tuscan Holdings Corp.,MVST,MVST,Nasdaq,3690,PREM14A,2021-02-16,8-K,0001213900-21-007125,2021-02-05T16:54:18-05:00,2021-02-05,2021-02-05T16:54:18-05:00,,,,,,,,THCB|IPV,,3,no_terms
1821159-2021-02-12,1821159,Climate Change Crisis Real Impact I Acquisition Corp,EVGO,EVGO,Nasdaq,7500,PREM14A,2021-02-12,,,,,,,,,,,,,,,,spac
1777835-2021-02-05,1777835,FinTech Acquisition Corp. IV,PWP,PWP,Nasdaq,6199,PREM14A,2021-02-05,,,,,,,,,,,,,,,,spac
1326110-2021-02-02,1326110,"NantKwest, Inc.",IBRX,IBRX,Nasdaq,2836,DEFM14A,2021-02-02,8-K,0001193125-20-323766,2020-12-22T11:07:31-05:00,2020-12-22,2020-12-22T11:07:31-05:00,stock,,0.819,True,,,,,,3,ok
1132105-2021-02-02,1132105,"SPORTSMAN'S WAREHOUSE HOLDINGS, INC.",SPWH,SPWH,Nasdaq,5940,PREM14A,2021-02-02,8-K,0001104659-20-138125,2020-12-21T17:15:30-05:00,2020-12-21,2020-12-21T09:15:01-05:00,cash,18.0,,True,,,,,18.0,7,ok
1439222-2021-01-29,1439222,"AGIOS PHARMACEUTICALS, INC.",AGIO,AGIO,Nasdaq,2834,PREM14A,2021-01-29,8-K,0001193125-20-322280,2020-12-21T07:04:37-05:00,2020-12-21,2020-12-21T07:04:37-05:00,,,,,,,,AGIO,,3,no_terms
1708341-2021-01-19,1708341,"Allied Esports Entertainment, Inc.",AIFA,AIFA,Nasdaq,7900,PREM14A,2021-01-19,,,,,,,,,,,,,,,,no_announcement_found
1818093-2020-12-31,1818093,Vesper Healthcare Acquisition Corp.,SKIN,SKIN,Nasdaq,3841,PREM14A,2020-12-31,,,,,,,,,,,,,,,,spac
1780312-2020-12-23,1780312,New Providence Acquisition Corp.,ASTS,ASTS,Nasdaq,4899,PREM14A,2020-12-23,,,,,,,,,,,,,,,,spac
1378239-2020-12-23,1378239,Central North Airport Group,OMAB,OMAB|GAERF,Nasdaq,4581,SC 14D9,2020-12-23,,,,,,,,,,,,,,,,no_announcement_found
1108426-2020-12-18,1108426,PNM RESOURCES INC,TXNM,TXNM,NYSE,4911,PREM14A,2020-12-18,8-K,0001193125-20-273264,2020-10-21T06:08:40-04:00,2020-10-21,2020-10-21T06:08:40-04:00,cash,50.3,,,,19.3,vwap,PNM|AGR,50.3,3,ok
1743881-2020-12-15,1743881,"BridgeBio Pharma, Inc.",BBIO,BBIO,Nasdaq,2834,DEFM14A,2020-12-15,,,,,,,,,,,,,,,,no_announcement_found
1801170-2020-12-14,1801170,Social Capital Hedosophia Holdings Corp. III,CLOV,CLOV,Nasdaq,6324,DEFM14A,2020-12-14,,,,,,,,,,,,,,,,no_announcement_found
1801169-2020-11-30,1801169,Social Capital Hedosophia Holdings Corp. II,OPEN,OPEN|OPENL|OPENW|OPENZ,Nasdaq,6531,DEFM14A,2020-11-30,,,,,,,,,,,,,,,,no_announcement_found
1803914-2020-11-09,1803914,Mountain Crest Acquisition Corp.,PLBY,PLBY,Nasdaq,5900,PREM14A,2020-11-09,,,,,,,,,,,,,,,,spac
1562528-2020-11-06,1562528,"Benefit Street Partners Realty Trust, Inc.",FBRT,FBRT|FBRT-PE,NYSE,6798,SC 14D9,2020-11-06,,,,,,,,,,,,,,,,no_announcement_found
23795-2020-10-19,23795,"CTO Realty Growth, Inc.",CTO,CTO|CTO-PA,NYSE,6798,DEFM14A,2020-10-19,,,,,,,,,,,,,,,,no_announcement_found
1622229-2020-10-09,1622229,"Cogent Biosciences, Inc.",COGT,COGT,Nasdaq,2834,DEFM14A,2020-10-09,,,,,,,,,,,,,,,,no_announcement_found
1793659-2020-10-09,1793659,"dMY Technology Group, Inc.",RSI,RSI,NYSE,7990,PREM14A,2020-10-09,,,,,,,,,,,,,,,,no_announcement_found
1783398-2020-10-02,1783398,"Gores Holdings IV, Inc.",UWMC,UWMC,NYSE,6162,PREM14A,2020-10-02,,,,,,,,,,,,,,,,no_announcement_found
1694028-2020-10-02,1694028,Liberty Oilfield Services Inc.,LBRT,LBRT,NYSE,1389,PREM14A,2020-10-02,8-K,0001193125-20-236818,2020-09-01T13:30:13-04:00,2020-09-01,2020-09-01T13:30:13-04:00,,,,,,,,LBRT|SLB,,5,no_terms
771856-2020-09-11,771856,"CHAMPIONS ONCOLOGY, INC.",CSBR,CSBR,Nasdaq,2836,DEFM14A,2020-09-11,,,,,,,,,,,,,,,,no_announcement_found
1805077-2020-09-11,1805077,B. Riley Principal Merger Corp. II,EOSE,EOSE|EOSEW,Nasdaq,3690,PREM14A,2020-09-11,,,,,,,,,,,,,,,,no_announcement_found
1776661-2020-09-10,1776661,Conyers Park II Acquisition Corp.,ADV,ADV,Nasdaq,7389,PREM14A,2020-09-10,,,,,,,,,,,,,,,,spac
1224133-2020-08-24,1224133,MARCHEX INC,MCHX,MCHX,Nasdaq,7372,DEFM14A,2020-08-24,,,,,,,,,,,,,,,,no_announcement_found
1759546-2020-08-24,1759546,DiamondPeak Holdings Corp.,SNFI,SNFI,OTC,3711,PREM14A,2020-08-24,,,,,,,,,,,,,,,,no_announcement_found
1776909-2020-08-12,1776909,Software Acquisition Group Inc.,CURI,CURI,Nasdaq,7812,PREM14A,2020-08-12,,,,,,,,,,,,,,,,no_announcement_found
1793229-2020-07-31,1793229,Churchill Capital Corp III,CTEV,CTEV,NYSE,7389,PREM14A,2020-07-31,,,,,,,,,,,,,,,,no_announcement_found
1759631-2020-07-10,1759631,Tortoise Acquisition Corp.,HYLN,HYLN,NYSE,3713,PREM14A,2020-07-10,,,,,,,,,,,,,,,,spac
1545772-2020-07-06,1545772,Brookfield Property Partners L.P.,BPYPP,BPYPP|BPYPM|BPYPN|BPYPO,Nasdaq,6500,SC 14D9,2020-07-06,,,,,,,,,,,,,,,,no_announcement_found
216851-2020-05-26,216851,"ADAMS NATURAL RESOURCES FUND, INC.",PEO,PEO,NYSE,,SC 14D9,2020-05-26,,,,,,,,,,,,,,,,no_announcement_found
1140536-2020-05-11,1140536,WILLIS TOWERS WATSON PLC,WTW,WTW,Nasdaq,6411,PREM14A,2020-05-11,,,,,,,,,,,,,,,,no_announcement_found
51253-2020-05-07,51253,INTERNATIONAL FLAVORS & FRAGRANCES INC,IFF,IFF,NYSE,2860,PREM14A,2020-05-07,,,,,,,,,,,,,,,,no_announcement_found
316709-2020-05-06,316709,SCHWAB CHARLES CORP,SCHW,SCHW|SCHW-PD|SCHW-PJ,NYSE,6211,DEFM14A,2020-05-06,8-K,0000950103-19-016251,2019-11-27T22:33:19-05:00,2019-11-27,2019-11-27T22:14:49-05:00,stock,,1.0837,True,,,,,,7,ok
1013272-2020-04-21,1013272,NORWOOD FINANCIAL CORP,NWFL,NWFL,Nasdaq,6022,DEFM14A,2020-04-21,,,,,,,,,,,,,,,,no_announcement_found
862022-2020-04-14,862022,HUGOTON ROYALTY TRUST,HGTXU,HGTXU,OTC,6792,SC 14D9,2020-04-14,,,,,,,,,,,,,,,,no_announcement_found
1755953-2020-03-30,1755953,Akerna Corp.,ABTC,ABTC,Nasdaq,6199,PREM14A,2020-03-30,,,,,,,,,,,,,,,,no_announcement_found
1806524-2020-03-23,1806524,Lion Group Holding Ltd,LGHL,LGHL,Nasdaq,6211,PREM14A,2020-03-23,,,,,,,,,,,,,,,,no_announcement_found
1498547-2020-03-11,1498547,"CIM REAL ESTATE FINANCE TRUST, INC.",CMRF,CMRF,OTC,6798,SC 14D9,2020-03-11,,,,,,,,,,,,,,,,no_announcement_found
1561032-2020-03-10,1561032,"Healthcare Trust, Inc.",NHP,NHP|HLTC|NHPBP,Nasdaq,6798,SC 14D9,2020-03-10,,,,,,,,,,,,,,,,no_announcement_found
1770450-2020-03-10,1770450,Xerox Holdings Corp,XRX,XRX|XRXDW,Nasdaq,3577,PREM14A,2020-03-10,,,,,,,,,,,,,,,,no_announcement_found
1374690-2020-03-06,1374690,"ZAFGEN, INC.",LRMR,LRMR,Nasdaq,2834,PREM14A,2020-03-06,,,,,,,,,,,,,,,,no_announcement_found
1015820-2020-03-03,1015820,QIAGEN N.V.,QGEN,QGEN,NYSE,2836,SC14D9C,2020-03-03,SC TO-C,0001104659-20-028178,2020-03-03T06:05:02-05:00,2020-03-03,2020-03-03T06:05:02-05:00,,,,,,23.0,close,TMO|QGEN,,3,no_terms
36840-2020-02-13,36840,FIRST REAL ESTATE INVESTMENT TRUST OF NEW JERSEY,FREVS,FREVS,OTC,6798,PREM14A,2020-02-13,,,,,,,,,,,,,,,,no_announcement_found
47217-2020-02-12,47217,HP INC,HPQ,HPQ,NYSE,3570,SC14D9C,2020-02-12,,,,,,,,,,,,,,,,no_announcement_found
1716947-2020-01-31,1716947,Leisure Acquisition Corp.,ENSC,ENSC,Nasdaq,2834,PREM14A,2020-01-31,,,,,,,,,,,,,,,,spac
1785494-2020-01-13,1785494,Woodbridge Liquidation Trust,WBQNL,WBQNL,OTC,6500,SC 14D9,2020-01-13,,,,,,,,,,,,,,,,no_announcement_found
1708055-2019-12-24,1708055,Ribbon Communications Inc.,RBBN,RBBN,Nasdaq,7373,PREM14A,2019-12-24,,,,,,,,,,,,,,,,no_announcement_found
1011060-2019-12-17,1011060,AdvanSource Biomaterials Corp,NORD,NORD,OTC,8742,PREM14A,2019-12-17,,,,,,,,,,,,,,,,no_announcement_found
1759824-2019-12-13,1759824,B. Riley Principal Merger Corp.,ALTG,ALTG|ALTG-PA,NYSE,5084,PREM14A,2019-12-13,,,,,,,,,,,,,,,,no_announcement_found
1674101-2019-12-10,1674101,GS Acquisition Holdings Corp,VRT,VRT,NYSE,3679,PREM14A,2019-12-10,,,,,,,,,,,,,,,,no_announcement_found
1362988-2019-12-06,1362988,Aircastle LTD,AYR,AYR,,7359,PREM14A,2019-12-06,8-K,0001362988-19-000118,2019-11-06T18:16:58-05:00,2019-11-06,2019-11-06T16:12:19-05:00,cash,32.0,,,,34.0,close,AYR,32.0,5,ok
1753673-2019-12-06,1753673,Wealthbridge Acquisition Ltd,SJ,SJ,Nasdaq,7374,PREM14A,2019-12-06,,,,,,,,,,,,,,,,spac
1743725-2019-11-27,1743725,ChaSerg Technology Acquisition Corp,GDYN,GDYN,Nasdaq,7372,PREM14A,2019-11-27,,,,,,,,,,,,,,,,spac
1706946-2019-10-10,1706946,Social Capital Hedosophia Holdings Corp.,SPCE,SPCE,NYSE,4700,DEFM14A,2019-10-10,,,,,,,,,,,,,,,,no_announcement_found
1633336-2019-10-03,1633336,"Crescent Capital BDC, Inc.",CCAP,CCAP,Nasdaq,,PREM14A,2019-10-03,8-K,0001193125-19-219521,2019-08-13T08:13:34-04:00,2019-08-13,2019-08-13T08:13:34-04:00,mixed,3.1784,0.4041,,,,,ABDC,3.1784,3,ok
1764013-2019-10-02,1764013,Health Sciences Acquisitions Corp,IMVT,IMVT,Nasdaq,2836,PREM14A,2019-10-02,,,,,,,,,,,,,,,,no_announcement_found
1047716-2019-09-27,1047716,LATAM AIRLINES GROUP S.A.,LTM,LTM,NYSE,4512,SC14D9C,2019-09-27,,,,,,,,,,,,,,,,no_announcement_found
1068851-2019-09-17,1068851,PROSPERITY BANCSHARES INC,PB,PB,NYSE,6022,DEFM14A,2019-09-17,,,,,,,,,,,,,,,,no_announcement_found
1262976-2019-08-21,1262976,CIMPRESS N.V.,CMPR,CMPR,Nasdaq,2750,PREM14A,2019-08-21,,,,,,,,,,,,,,,,no_announcement_found
1725255-2019-08-19,1725255,DFB Healthcare Acquisitions Corp.,AHCO,AHCO,Nasdaq,8082,PREM14A,2019-08-19,DEFA14A,0001104659-19-040171,2019-07-12T16:05:51-04:00,2019-07-12,2019-07-12T16:05:51-04:00,,,,,,,,,,3,no_terms
1668397-2019-08-08,1668397,"Medpace Holdings, Inc.",MEDP,MEDP,Nasdaq,8731,SC 14D9,2019-08-08,,,,,,,,,,,,,,,,no_announcement_found
1680873-2019-07-26,1680873,HF Foods Group Inc.,HFFG,HFFG,Nasdaq,5140,PREM14A,2019-07-26,,,,,,,,,,,,,,,,no_announcement_found
1739174-2019-07-17,1739174,Chardan Healthcare Acquisition Corp.,HLSQ,HLSQ,NYSE,7372,PREM14A,2019-07-17,,,,,,,,,,,,,,,,spac
1735041-2019-07-12,1735041,Greenland Acquisition Corp.,GTEC,GTEC,Nasdaq,3560,PREM14A,2019-07-12,,,,,,,,,,,,,,,,spac
1403528-2019-06-20,1403528,"Oaktree Capital Group, LLC",OAK-PA,OAK-PA|OAK-PB,NYSE,6282,DEFM14A,2019-06-20,425,0001193125-19-073015,2019-03-13T11:57:56-04:00,2019-03-13,2019-03-13T11:57:56-04:00,,,,,,,,BAM|OAK,,5,no_terms
1352952-2019-05-22,1352952,Accelerize Inc.,CNFN,CNFN,OTC,7389,PREM14A,2019-05-22,,,,,,,,,,,,,,,,no_announcement_found
1595527-2019-05-09,1595527,"New York City REIT, Inc.",NYC,NYC,NYSE,6798,SC 14D9,2019-05-09,,,,,,,,,,,,,,,,no_announcement_found
1043186-2019-05-09,1043186,American Electric Technologies Inc,SLNG,SLNG,Nasdaq,4924,PREM14A,2019-05-09,,,,,,,,,,,,,,,,no_announcement_found
1712463-2019-05-03,1712463,One Madison Corp,PACK,PACK,NYSE,2670,DEFM14A,2019-05-03,,,,,,,,,,,,,,,,no_announcement_found
829323-2019-04-09,829323,"Inuvo, Inc.",INUV,INUV,NYSE,7310,DEFM14A,2019-04-09,425,0001654954-18-011967,2018-11-05T08:30:49-05:00,2018-11-02,,,,,,,,,,,3,no_terms
1540159-2019-03-29,1540159,"Stellar Biotechnologies, Inc.",EDSA,EDSA,Nasdaq,2834,PREM14A,2019-03-29,,,,,,,,,,,,,,,,no_announcement_found
921114-2019-03-25,921114,AmpliPhi Biosciences Corp,ARMP,ARMP,NYSE,2836,PREM14A,2019-03-25,,,,,,,,,,,,,,,,no_announcement_found
1591890-2019-03-15,1591890,"1347 Property Insurance Holdings, Inc.",FGC,FGC|FGNX|FGCPP|FGNXP,Nasdaq,6199,PREM14A,2019-03-15,,,,,,,,,,,,,,,,no_announcement_found
1024305-2019-02-27,1024305,COTY INC.,COTY,COTY,NYSE,2844,SC 14D9,2019-02-27,,,,,,,,,,,,,,,,no_announcement_found
1164727-2019-02-21,1164727,NEWMONT MINING CORP /DE/,NEM,NEM|NEMCL,NYSE,1040,PREM14A,2019-02-21,,,,,,,,,,,,,,,,no_announcement_found
1708341-2019-02-15,1708341,Black Ridge Acquisition Corp.,AIFA,AIFA,Nasdaq,7900,PREM14A,2019-02-15,,,,,,,,,,,,,,,,spac
1623925-2019-01-31,1623925,Antero Midstream GP LP,AM,AM,NYSE,4922,DEFM14A,2019-01-31,425,0001104659-18-060938,2018-10-09T07:36:49-04:00,2018-10-09,2018-10-09T07:36:49-04:00,mixed,3.415,1.6023,,,7.0,close,AMGP|AM|AR,3.415,3,ok
1490349-2018-12-21,1490349,Medley Capital Corp,PFX,PFX|PFXNZ,Nasdaq,,DEFM14A,2018-12-21,8-K,0001144204-18-043381,2018-08-09T17:21:20-04:00,2018-08-09,2018-08-09T17:21:20-04:00,stock,,0.3836,,,,,MCC|MDLY|SRNTX|MDLX|MDLQ|MCV|MCX,,3,ok
1674227-2018-12-20,1674227,"Alliance MMA, Inc.",WORX,WORX,OTC,7374,PREM14A,2018-12-20,,,,,,,,,,,,,,,,no_announcement_found
1498547-2018-12-19,1498547,"COLE CREDIT PROPERTY TRUST IV, INC.",CMRF,CMRF,OTC,6798,SC 14D9,2018-12-19,,,,,,,,,,,,,,,,no_announcement_found
1644963-2018-12-11,1644963,"AVENUE THERAPEUTICS, INC.",ATXI,ATXI,OTC,2834,PREM14A,2018-12-11,,,,,,,,,,,,,,,,no_announcement_found
1299130-2018-12-05,1299130,"PACIFIC BIOSCIENCES OF CALIFORNIA, INC.",PACB,PACB,Nasdaq,3826,PREM14A,2018-12-05,DEFA14A,0001193125-18-318422,2018-11-05T16:31:17-05:00,2018-11-01,2018-11-01T16:16:37-04:00,,,,,,71.0,vwap,ILMN|PACB,,5,no_terms
1713539-2018-11-21,1713539,CM Seven Star Acquisition Corp,KXIN,KXIN,Nasdaq,5500,PREM14A,2018-11-21,,,,,,,,,,,,,,,,spac
1703956-2018-11-20,1703956,Industrea Acquisition Corp.,BBCP,BBCP,Nasdaq,1700,DEFM14A,2018-11-20,,,,,,,,,,,,,,,,spac
1544227-2018-11-06,1544227,"OvaScience, Inc.",TPST,TPST,Nasdaq,2834,DEFM14A,2018-11-06,,,,,,,,,,,,,,,,no_announcement_found
314808-2018-10-30,314808,Ensco plc,VAL,VAL|VAL-WT,NYSE,1381,PREM14A,2018-10-30,,,,,,,,,,,,,,,,no_announcement_found
1267395-2018-10-22,1267395,ASPEN INSURANCE HOLDINGS LTD,AHL-PD,AHL-PD|AHL-PE|AHL-PF,NYSE,6331,PREM14A,2018-10-22,DEFA14A,0001193125-18-259521,2018-08-28T06:55:05-04:00,2018-08-28,2018-08-28T06:55:05-04:00,cash,42.75,,,,,,APO|AHL,42.75,7,ok
1562528-2018-10-09,1562528,"Benefit Street Partners Realty Trust, Inc.",FBRT,FBRT|FBRT-PE,NYSE,6798,SC 14D9,2018-10-09,,,,,,,,,,,,,,,,no_announcement_found
1528985-2018-09-21,1528985,"Inland Real Estate Income Trust, Inc.",INRE,INRE,OTC,6798,SC 14D9,2018-09-21,,,,,,,,,,,,,,,,no_announcement_found
1747661-2018-08-31,1747661,"China Advanced Construction Materials Group, Inc./Cayman",ZNB,ZNB,Nasdaq,8200,PREM14A,2018-08-31,,,,,,,,,,,,,,,,no_announcement_found
1692787-2018-08-27,1692787,Kayne Anderson Acquisition Corp,KNTK,KNTK,NYSE,4922,PREM14A,2018-08-27,,,,,,,,,,,,,,,,spac
943452-2018-08-08,943452,WESTINGHOUSE AIR BRAKE TECHNOLOGIES CORP,WAB,WAB,NYSE,3743,PREM14A,2018-08-08,,,,,,,,,,,,,,,,no_announcement_found
733269-2018-08-03,733269,ACXIOM CORP,RAMP,RAMP,NYSE,7374,PREM14A,2018-08-03,DEFA14A,0001193125-18-212561,2018-07-03T17:20:42-04:00,2018-07-03,2018-07-03T07:05:34-04:00,,,,,,,,,,3,no_terms
94344-2018-08-01,94344,STEWART INFORMATION SERVICES CORP,STC,STC,NYSE,6361,DEFM14A,2018-08-01,DEFA14A,0000950103-18-003462,2018-03-19T08:36:38-04:00,2018-03-19,2018-03-19T08:36:38-04:00,cash,50.0,,,,23.0,close,STC|FNF,50.0,5,ok
933036-2018-07-16,933036,RENT A CENTER INC DE,UPBD,UPBD,Nasdaq,7359,PREM14A,2018-07-16,,,,,,,,,,,,,,,,no_announcement_found
1094038-2018-07-13,1094038,TAPIMMUNE INC.,MRKR,MRKR,Nasdaq,2834,PREM14A,2018-07-13,,,,,,,,,,,,,,,,no_announcement_found
109380-2018-07-13,109380,ZIONS BANCORPORATION /UT/,ZION,ZION|ZIONP,Nasdaq,6021,PREM14A,2018-07-13,,,,,,,,,,,,,,,,no_announcement_found
1682745-2018-07-12,1682745,"Gores Holdings II, Inc.",VRRM,VRRM,Nasdaq,4700,PREM14A,2018-07-12,,,,,,,,,,,,,,,,no_announcement_found
932470-2018-07-06,932470,TELECOM ARGENTINA SA,TEO,TEO|TCMFF,NYSE,4813,SC14D9C,2018-07-06,,,,,,,,,,,,,,,,no_announcement_found
766829-2018-06-15,766829,SJW GROUP,HTO,HTO,Nasdaq,4941,SC 14D9,2018-06-15,,,,,,,,,,,,,,,,no_announcement_found
1080657-2018-06-13,1080657,"Presidio Property Trust, Inc.",SQFT,SQFT|SQFTP|SQFTW,Nasdaq,6798,SC 14D9,2018-06-13,,,,,,,,,,,,,,,,no_announcement_found
1279715-2018-05-18,1279715,"Wright Investors Service Holdings, Inc.",IWSH,IWSH,OTC,6282,PREM14A,2018-05-18,,,,,,,,,,,,,,,,no_announcement_found
1698990-2018-05-10,1698990,TPG Pace Energy Holdings Corp.,MGY,MGY,NYSE,1311,PREM14A,2018-05-10,DEFA14A,0001193125-18-088506,2018-03-20T08:28:50-04:00,2018-03-20,2018-03-20T08:28:50-04:00,,,,,,,,TPGE|PLYA|TPGH,,3,no_terms
354647-2018-05-08,354647,CVB FINANCIAL CORP,CVBF,CVBF,Nasdaq,6022,DEFM14A,2018-05-08,,,,,,,,,,,,,,,,no_announcement_found
1085277-2018-05-02,1085277,SKINVISIBLE INC,SKVI,SKVI,OTC,2834,PREM14A,2018-05-02,8-K,0001663577-18-000150,2018-03-29T16:51:20-04:00,2018-03-29,2018-03-29T16:51:20-04:00,,,,,,,,,,3,no_terms
1653558-2018-04-19,1653558,"M I Acquisitions, Inc.",PRTH,PRTH|PRTHU,Nasdaq,7389,PREM14A,2018-04-19,,,,,,,,,,,,,,,,no_announcement_found
1379785-2018-04-18,1379785,Triangle Capital CORP,BBDC,BBDC,NYSE,,PREM14A,2018-04-18,,,,,,,,,,,,,,,,no_announcement_found
882796-2018-03-29,882796,BIOCRYST PHARMACEUTICALS INC,BCRX,BCRX,Nasdaq,2836,DEFM14A,2018-03-29,,,,,,,,,,,,,,,,no_announcement_found
1418135-2018-03-08,1418135,"Dr Pepper Snapple Group, Inc.",KDP,KDP,Nasdaq,2080,PREM14A,2018-03-08,,,,,,,,,,,,,,,,no_announcement_found
90896-2018-02-27,90896,SKYLINE CORP,SKY,SKY,NYSE,2451,PREM14A,2018-02-27,,,,,,,,,,,,,,,,no_announcement_found
1591956-2018-02-27,1591956,Sphere 3D Corp,DRK,DRK,Nasdaq,6199,PREM14A,2018-02-27,,,,,,,,,,,,,,,,no_announcement_found
1698514-2018-02-14,1698514,National Energy Services Reunited Corp.,NESR,NESR,Nasdaq,1389,PREM14A,2018-02-14,,,,,,,,,,,,,,,,no_announcement_found
1210708-2018-02-13,1210708,"Hudson Global, Inc.",STRR,STRR|STRRP,Nasdaq,7363,DEFM14A,2018-02-13,,,,,,,,,,,,,,,,no_announcement_found
1595527-2018-02-06,1595527,"American Realty Capital New York City REIT, Inc.",NYC,NYC,NYSE,6798,SC 14D9,2018-02-06,,,,,,,,,,,,,,,,no_announcement_found
1477294-2018-01-19,1477294,Sensata Technologies Holding N.V.,ST,ST,NYSE,3823,DEFM14A,2018-01-19,,,,,,,,,,,,,,,,no_announcement_found
839470-2018-01-12,839470,"WESTWATER RESOURCES, INC.",WWR,WWR,NYSE,1000,PREM14A,2018-01-12,,,,,,,,,,,,,,,,no_announcement_found
920760-2018-01-05,920760,LENNAR CORP /NEW/,LEN,LEN|LEN-B,NYSE,1520,DEFM14A,2018-01-05,,,,,,,,,,,,,,,,no_announcement_found
874396-2017-12-29,874396,"LIFETIME BRANDS, INC",LCUT,LCUT,Nasdaq,3420,PREM14A,2017-12-29,,,,,,,,,,,,,,,,no_announcement_found
797465-2017-12-27,797465,STANLEY FURNITURE CO INC.,STLY,STLY,OTC,6798,PREM14A,2017-12-27,,,,,,,,,,,,,,,,no_announcement_found
1590584-2017-12-22,1590584,Civeo Corp,CVEO,CVEO,NYSE,7000,PREM14A,2017-12-22,,,,,,,,,,,,,,,,no_announcement_found
1413447-2017-12-11,1413447,NXP Semiconductors N.V.,NXPI,NXPI,Nasdaq,3674,SC 14D9,2017-12-11,6-K,0001193125-17-319773,2017-10-26T10:01:59-04:00,2017-10-26,2017-10-26T10:01:59-04:00,cash,110.0,,,,,,NXPI|QCOM,110.0,3,ok
1467373-2017-12-05,1467373,Accenture plc,ACN,ACN,NYSE,7389,PREM14A,2017-12-05,,,,,,,,,,,,,,,,no_announcement_found
1066923-2017-10-20,1066923,Future FinTech Group Inc.,FTFT,FTFT,Nasdaq,7389,PREM14A,2017-10-20,,,,,,,,,,,,,,,,no_announcement_found
1331875-2017-10-19,1331875,"Fidelity National Financial, Inc.",FNF,FNF,NYSE,6361,DEFM14A,2017-10-19,,,,,,,,,,,,,,,,no_announcement_found
1281895-2017-10-12,1281895,INOTEK PHARMACEUTICALS CORP,RCKT,RCKT,Nasdaq,2834,PREM14A,2017-10-12,DEFA14A,0001193125-17-283241,2017-09-13T07:31:10-04:00,2017-09-12,,,,,,,,,ITEK,,3,no_terms
1641398-2017-10-11,1641398,JM Global Holding Co,GDC,GDC,Nasdaq,5050,PREM14A,2017-10-11,,,,,,,,,,,,,,,,no_announcement_found
104918-2017-09-14,104918,AVISTA CORP,AVA,AVA,NYSE,4931,PREM14A,2017-09-14,DEFA14A,0001193125-17-231297,2017-07-19T16:37:38-04:00,2017-07-18,,cash,53.0,,,,,,H|AVA,53.0,5,ok
1409970-2017-07-10,1409970,LendingClub Corp,HAPN,HAPN,Nasdaq,6141,SC14D9C,2017-07-10,,,,,,,,,,,,,,,,no_announcement_found
1530804-2017-06-30,1530804,Tronox Ltd,TROX,TROX,NYSE,2810,PREM14A,2017-06-30,,,,,,,,,,,,,,,,no_announcement_found
1649749-2017-06-23,1649749,FB Financial Corp,FBK,FBK,NYSE,6022,PREM14A,2017-06-23,,,,,,,,,,,,,,,,no_announcement_found
1476204-2017-06-21,1476204,"PHILLIPS EDISON GROCERY CENTER REIT I, INC.",PECO,PECO,Nasdaq,6798,PREM14A,2017-06-21,,,,,,,,,,,,,,,,no_announcement_found
81362-2017-06-06,81362,QUAKER CHEMICAL CORP,KWR,KWR,NYSE,2990,PREM14A,2017-06-06,,,,,,,,,,,,,,,,no_announcement_found
1039684-2017-05-22,1039684,ONEOK INC /NEW/,OKE,OKE,NYSE,4923,DEFM14A,2017-05-22,8-K,0001193125-17-027652,2017-02-01T22:23:55-05:00,2017-02-01,2017-02-01T22:19:08-05:00,stock,,0.985,,,22.4,close,OKE|OKS,,3,ok
1406587-2017-05-19,1406587,Forestar Group Inc.,FOR,FOR,NYSE,6500,PREM14A,2017-05-19,DEFA14A,0001104659-17-023470,2017-04-13T21:30:04-04:00,2017-04-13,2017-04-13T21:30:04-04:00,cash,14.25,,,,8.2,vwap,FOR,14.25,3,ok
1612720-2017-05-09,1612720,Harmony Merger Corp.,NEXT,NEXT,Nasdaq,4923,PREM14A,2017-05-09,,,,,,,,,,,,,,,,no_announcement_found
1401914-2017-04-17,1401914,Cerulean Pharma Inc.,DARE,DARE,Nasdaq,2834,PREM14A,2017-04-17,,,,,,,,,,,,,,,,no_announcement_found
320017-2017-03-31,320017,"Caladrius Biosciences, Inc.",LSTA,LSTA,Nasdaq,2834,PREM14A,2017-03-31,DEFA14A,0001571049-17-002518,2017-03-17T06:03:06-04:00,2017-03-16,2017-03-16T21:13:46-04:00,,,,,,,,CLBS,,3,no_terms
1368514-2017-03-15,1368514,"ADMA BIOLOGICS, INC.",ADMA,ADMA,Nasdaq,2836,PREM14A,2017-03-15,,,,,,,,,,,,,,,,no_announcement_found
217410-2017-02-17,217410,UNILEVER PLC,UL,UL|UNLYF,NYSE,2840,SC14D9C,2017-02-17,,,,,,,,,,,,,,,,no_announcement_found
1650575-2017-02-13,1650575,Pacific Special Acquisition Corp.,BRQSF,BRQSF,OTC,7373,PREM14A,2017-02-13,,,,,,,,,,,,,,,,spac
1043961-2017-02-03,1043961,TRANSGENOMIC INC,PRPO,PRPO,Nasdaq,3826,PREM14A,2017-02-03,DEFA14A,0001144204-16-127922,2016-10-13T08:00:46-04:00,2016-10-13,2016-10-13T08:00:46-04:00,,,,,,,,,,3,no_terms
1643953-2017-01-25,1643953,Global Partner Acquisition Corp.,PRPL,PRPL,Nasdaq,2510,PREM14A,2017-01-25,,,,,,,,,,,,,,,,spac
1404281-2017-01-24,1404281,Tokai Pharmaceuticals Inc,ELDN,ELDN,Nasdaq,2834,PREM14A,2017-01-24,,,,,,,,,,,,,,,,no_announcement_found
1584207-2017-01-09,1584207,"OneMain Holdings, Inc.",OMF,OMF,NYSE,6141,SC 14D9,2017-01-09,,,,,,,,,,,,,,,,no_announcement_found
931427-2016-12-27,931427,GAS TRANSPORTER OF THE SOUTH INC,TGS,TGS,NYSE,4922,SC14D9C,2016-12-27,,,,,,,,,,,,,,,,no_announcement_found
1276520-2016-12-21,1276520,GENWORTH FINANCIAL INC,GNW,GNW,NYSE,6311,PREM14A,2016-12-21,DEFA14A,0001193125-16-744410,2016-10-24T06:13:09-04:00,2016-10-23,,cash,5.43,,,,,,GNW,5.43,5,ok
1034054-2016-12-08,1034054,SBA COMMUNICATIONS CORP,SBAC,SBAC,Nasdaq,6798,DEFM14A,2016-12-08,,,,,,,,,,,,,,,,no_announcement_found
855658-2016-11-30,855658,LATTICE SEMICONDUCTOR CORP,LSCC,LSCC,Nasdaq,3674,PREM14A,2016-11-30,DEFA14A,0001193125-16-758080,2016-11-03T08:02:00-04:00,2016-11-03,2016-11-03T08:02:00-04:00,cash,8.3,,,,30.0,close,LSCC,8.3,7,ok
1022652-2016-11-23,1022652,INSEEGO CORP.,INSG,INSG,Nasdaq,3669,PREM14A,2016-11-23,,,,,,,,,,,,,,,,no_announcement_found
1560385-2016-11-01,1560385,Liberty Media Corp,FWONA,FWONA|FWONK|FWONB,Nasdaq,4833,PREM14A,2016-11-01,,,,,,,,,,,,,,,,no_announcement_found
1413447-2016-10-27,1413447,NXP Semiconductors N.V.,NXPI,NXPI,Nasdaq,3674,SC14D9C,2016-10-27,SC TO-C,0001193125-16-749836,2016-10-27T21:02:16-04:00,2016-10-27,2016-10-27T10:17:55-04:00,cash,110.0,,,,,,QCOM|NXPI,110.0,3,ok
1401521-2016-10-05,1401521,UNITED INSURANCE HOLDINGS CORP.,ACIC,ACIC,Nasdaq,6331,PREM14A,2016-10-05,8-K,0001401521-16-000211,2016-08-19T17:19:23-04:00,2016-08-19,2016-08-19T09:07:15-04:00,,,,,,,,,,3,no_terms
883975-2016-09-13,883975,STEMCELLS INC,MBOT,MBOT,Nasdaq,3841,PREM14A,2016-09-13,,,,,,,,,,,,,,,,no_announcement_found
65596-2016-09-02,65596,SIEBERT FINANCIAL CORP,SIEB,SIEB,Nasdaq,6211,SC14D9C,2016-09-02,,,,,,,,,,,,,,,,no_announcement_found
1561032-2016-08-22,1561032,"Healthcare Trust, Inc.",NHP,NHP|HLTC|NHPBP,Nasdaq,6798,SC 14D9,2016-08-22,,,,,,,,,,,,,,,,no_announcement_found
315852-2016-08-10,315852,RANGE RESOURCES CORP,RRC,RRC,NYSE,1311,DEFM14A,2016-08-10,DEFA14A,0001308179-16-000344,2016-04-14T10:48:15-04:00,2016-04-14,2016-04-14T10:48:15-04:00,,,,,,,,,,3,no_terms
1615063-2016-08-08,1615063,Hydra Industries Acquisition Corp.,INSE,INSE,Nasdaq,7372,PREM14A,2016-08-08,,,,,,,,,,,,,,,,spac
1658566-2016-07-29,1658566,Silver Run Acquisition Corp,PR,PR,NYSE,1311,PREM14A,2016-07-29,,,,,,,,,,,,,,,,spac
1622536-2016-07-01,1622536,Talen Energy Corp,TLN,TLN,Nasdaq,4911,PREM14A,2016-07-01,,,,,,,,,,,,,,,,no_announcement_found
30554-2016-06-10,30554,DUPONT E I DE NEMOURS & CO,CTA-PB,CTA-PB|CTA-PA,NYSE,2820,DEFM14A,2016-06-10,,,,,,,,,,,,,,,,no_announcement_found
107263-2016-05-25,107263,WILLIAMS COMPANIES INC,WMB,WMB,NYSE,4922,DEFM14A,2016-05-25,DEFA14A,0001193125-15-329830,2015-09-28T08:01:41-04:00,2015-09-28,2015-09-28T08:01:41-04:00,stock,,1.8716,,,,,ETE|WMB|ETP|SUN|SXL|WPZ,,3,ok
1490161-2016-05-23,1490161,"Black Ridge Oil & Gas, Inc.",SOWG,SOWG,Nasdaq,2000,DEFM14A,2016-05-23,,,,,,,,,,,,,,,,no_announcement_found
1157601-2016-05-19,1157601,SYNTA PHARMACEUTICALS CORP,MDGL,MDGL,Nasdaq,2834,PREM14A,2016-05-19,,,,,,,,,,,,,,,,no_announcement_found
863894-2016-05-18,863894,FEMALE HEALTH CO,VERU,VERU,Nasdaq,2834,PREM14A,2016-05-18,,,,,,,,,,,,,,,,no_announcement_found
1336920-2016-04-26,1336920,"Leidos Holdings, Inc.",LDOS,LDOS,NYSE,7373,PREM14A,2016-04-26,,,,,,,,,,,,,,,,no_announcement_found
1476204-2016-04-25,1476204,"PHILLIPS EDISON GROCERY CENTER REIT I, INC.",PECO,PECO,Nasdaq,6798,SC 14D9,2016-04-25,,,,,,,,,,,,,,,,no_announcement_found
1629210-2016-04-18,1629210,Paramount Gold Nevada Corp.,PZG,PZG,NYSE,1000,PREM14A,2016-04-18,,,,,,,,,,,,,,,,no_announcement_found
932470-2016-04-05,932470,TELECOM ARGENTINA SA,TEO,TEO|TCMFF,NYSE,4813,SC14D9C,2016-04-05,,,,,,,,,,,,,,,,no_announcement_found
1442620-2016-02-16,1442620,"Recon Technology, Ltd",RCON,RCON,Nasdaq,1389,PREM14A,2016-02-16,,,,,,,,,,,,,,,,no_announcement_found
1098462-2016-01-28,1098462,METALINK LTD,MTLK,MTLK,OTC,3674,SC 14D9,2016-01-28,,,,,,,,,,,,,,,,no_announcement_found
1570585-2016-01-22,1570585,Liberty Global plc,LBTYA,LBTYA|LBTYB|LBTYK,Nasdaq,4841,PREM14A,2016-01-22,,,,,,,,,,,,,,,,no_announcement_found
319201-2016-01-14,319201,KLA TENCOR CORP,KLAC,KLAC,Nasdaq,3827,DEFM14A,2016-01-14,425,0001193125-15-348702,2015-10-21T06:07:14-04:00,2015-10-21,2015-10-21T06:07:14-04:00,cash,67.02,,,,24.0,close,LRCX|KLAC,67.02,5,ok
1054102-2015-11-12,1054102,PDI INC,IDXG,IDXG|IDXGD,OTC,3841,PREM14A,2015-11-12,DEFA14A,0001104659-15-074651,2015-11-02T11:03:05-05:00,2015-11-02,2015-11-02T11:03:05-05:00,,,,,,,,PDII,,3,no_terms
1077183-2015-10-23,1077183,NEOGENOMICS INC,NEO,NEO,Nasdaq,8734,PREM14A,2015-10-23,,,,,,,,,,,,,,,,no_announcement_found
911421-2015-09-01,911421,PARTNERRE LTD,PREJF,PREJF,OTC,6321,PREM14A,2015-09-01,,,,,,,,,,,,,,,,no_announcement_found
49071-2015-08-11,49071,HUMANA INC,HUM,HUM,NYSE,6324,PREM14A,2015-08-11,,,,,,,,,,,,,,,,no_announcement_found
1541157-2015-07-15,1541157,Celsus Therapeutics Plc.,AKTX,AKTX,Nasdaq,2834,PREM14A,2015-07-15,,,,,,,,,,,,,,,,no_announcement_found
839470-2015-07-14,839470,URANIUM RESOURCES INC /DE/,WWR,WWR,NYSE,1000,PREM14A,2015-07-14,DEFA14A,0001104659-15-043135,2015-06-03T14:26:07-04:00,2015-06-03,2015-06-03T14:26:07-04:00,stock,,0.06579,,,,,URRE|AEK,,3,ok
1326200-2015-06-15,1326200,GENCO SHIPPING & TRADING LTD,GNK,GNK,NYSE,4412,DEFM14A,2015-06-15,,,,,,,,,,,,,,,,no_announcement_found
931148-2015-05-26,931148,GRAFTECH INTERNATIONAL LTD,EAF,EAF,NYSE,3620,SC 14D9,2015-05-26,8-K,0000931148-15-000024,2015-04-30T18:22:38-04:00,2015-04-30,2015-04-30T17:07:48-04:00,cash,1000.0,,,,,,,1000.0,3,ok
74303-2015-05-08,74303,OLIN CORP,OLN,OLN,NYSE,2800,PREM14A,2015-05-08,,,,,,,,,,,,,,,,no_announcement_found
9389-2015-05-06,9389,BALL CORP,BALL,BALL,NYSE,3411,PREM14A,2015-05-06,425,0001104659-15-012070,2015-02-19T15:29:36-05:00,2015-02-19,2015-02-19T15:29:36-05:00,,,,,,,,,,3,no_terms
1543418-2015-05-01,1543418,NovaCopper Inc.,TMQ,TMQ,NYSE,1040,PREM14A,2015-05-01,,,,,,,,,,,,,,,,no_announcement_found
1585364-2015-04-24,1585364,PERRIGO Co plc,PRGO,PRGO,NYSE,2834,SC14D9C,2015-04-24,8-K,0001193125-14-311902,2014-08-15T17:05:04-04:00,2014-08-15,2014-08-15T17:05:04-04:00,,,,,,,,,,5,no_terms
1590584-2015-04-08,1590584,Civeo Corp,CVEO,CVEO,NYSE,7000,DEFM14A,2015-04-08,,,,,,,,,,,,,,,,no_announcement_found
1512499-2015-03-31,1512499,Capitol Acquisition Corp. II,LIND,LIND,Nasdaq,4700,PREM14A,2015-03-31,,,,,,,,,,,,,,,,spac
354707-2015-03-26,354707,HAWAIIAN ELECTRIC INDUSTRIES INC,HE,HE,NYSE,4911,DEFM14A,2015-03-26,DEFA14A,0001104659-14-084711,2014-12-03T17:28:31-05:00,2014-12-03,2014-12-03T17:02:18-05:00,stock,,0.2413,,,21.0,vwap,HE,,5,ok
1580670-2015-03-09,1580670,"LGI Homes, Inc.",LGIH,LGIH,Nasdaq,1531,PREM14A,2015-03-09,,,,,,,,,,,,,,,,no_announcement_found
1111335-2015-03-05,1111335,VISTEON CORP,VC,VC,Nasdaq,3714,PREM14A,2015-03-05,,,,,,,,,,,,,,,,no_announcement_found
1158172-2015-02-13,1158172,"COMSCORE, INC.",SCOR,SCOR,Nasdaq,7389,SC14D9C,2015-02-13,SC TO-C,0001193125-15-047032,2015-02-12T17:10:34-05:00,2015-02-12,2015-02-12T07:09:17-05:00,,,,,,,,SCOR,,3,no_terms
832428-2015-02-06,832428,SCRIPPS E W CO /DE,SSP,SSP,Nasdaq,4833,DEFM14A,2015-02-06,,,,,,,,,,,,,,,,no_announcement_found
1447028-2015-01-23,1447028,TEKMIRA PHARMACEUTICALS Corp,ABUS,ABUS,Nasdaq,2834,PREM14A,2015-01-23,,,,,,,,,,,,,,,,no_announcement_found
1389170-2015-01-22,1389170,Targa Resources Corp.,TRGP,TRGP,NYSE,4922,DEFM14A,2015-01-22,,,,,,,,,,,,,,,,no_announcement_found
946673-2015-01-16,946673,BANNER CORP,BANR,BANR,Nasdaq,6022,PREM14A,2015-01-16,,,,,,,,,,,,,,,,no_announcement_found
845385-2015-01-09,845385,REGAL ONE Corp,PIAC,PIAC,OTC,,PREM14A,2015-01-09,,,,,,,,,,,,,,,,no_announcement_found
720500-2014-12-23,720500,AMTECH SYSTEMS INC,ASYS,ASYS,Nasdaq,3559,DEFM14A,2014-12-23,425,0001193125-14-379155,2014-10-22T21:21:45-04:00,2014-10-21,,stock,,0.3291,,,4.2,close,ASYS|BTUI,,3,ok
1020569-2014-12-23,1020569,IRON MOUNTAIN INC,IRM,IRM,NYSE,6798,DEFM14A,2014-12-23,,,,,,,,,,,,,,,,no_announcement_found
1482512-2014-12-22,1482512,"Hudson Pacific Properties, Inc.",HPP,HPP|HPP-PC,NYSE,6500,PREM14A,2014-12-22,,,,,,,,,,,,,,,,no_announcement_found
1518715-2014-12-10,1518715,"HomeStreet, Inc.",MCHB,MCHB,Nasdaq,6022,PREM14A,2014-12-10,,,,,,,,,,,,,,,,no_announcement_found
1091667-2014-12-09,1091667,"CHARTER COMMUNICATIONS, INC. /MO/",CHTR,CHTR|CHTRP,Nasdaq,4841,PREM14A,2014-12-09,,,,,,,,,,,,,,,,no_announcement_found
1078075-2014-12-03,1078075,NETSCOUT SYSTEMS INC,NTCT,NTCT,Nasdaq,7373,PREM14A,2014-12-03,,,,,,,,,,,,,,,,no_announcement_found
897322-2014-11-05,897322,GILAT SATELLITE NETWORKS LTD,GILT,GILT,Nasdaq,3663,SC 14D9,2014-11-05,,,,,,,,,,,,,,,,no_announcement_found
1090425-2014-10-17,1090425,LAMAR ADVERTISING CO/NEW,LAMR,LAMR,Nasdaq,6798,DEFM14A,2014-10-17,,,,,,,,,,,,,,,,no_announcement_found
1051470-2014-10-14,1051470,CROWN CASTLE INTERNATIONAL CORP,CCI,CCI,NYSE,6798,DEFM14A,2014-10-14,,,,,,,,,,,,,,,,no_announcement_found
1114446-2014-10-14,1114446,UBS AG,AMUB,AMUB|BDCX|BDCZ|CEFD|HDLB|IFED|MLPB|MLPR|MVRL|PFFL|SMHB|UCIB,NYSE,6021,SC 14D9,2014-10-14,,,,,,,,,,,,,,,,no_announcement_found
1471055-2014-10-02,1471055,Banco Santander (Brasil) S.A.,BSBR,BSBR,NYSE,6029,SC 14D9,2014-10-02,,,,,,,,,,,,,,,,no_announcement_found
1589526-2014-09-23,1589526,Hennessy Capital Acquisition Corp.,BLBD,BLBD,Nasdaq,3713,PREM14A,2014-09-23,,,,,,,,,,,,,,,,spac
1373670-2014-07-16,1373670,BioFuel Energy Corp.,GRBK,GRBK|GRBK-PA,NYSE,1531,PREM14A,2014-07-16,,,,,,,,,,,,,,,,no_announcement_found
885590-2014-06-24,885590,"Valeant Pharmaceuticals International, Inc.",BHC,BHC,NYSE,2834,PREM14A,2014-06-24,,,,,,,,,,,,,,,,no_announcement_found
1267395-2014-06-17,1267395,ASPEN INSURANCE HOLDINGS LTD,AHL-PD,AHL-PD|AHL-PE|AHL-PF,NYSE,6331,SC 14D9,2014-06-17,425,0001193125-14-220909,2014-06-02T07:18:07-04:00,2014-06-02,2014-06-02T07:18:07-04:00,mixed,19.8,0.9197,,,25.7,close,ENH,19.8|49.5,3,ok
1001907-2014-06-11,1001907,ASTROTECH Corp \WA\,ASTC,ASTC,Nasdaq,3826,PREM14A,2014-06-11,,,,,,,,,,,,,,,,no_announcement_found
1443646-2014-06-09,1443646,Booz Allen Hamilton Holding Corp,BAH,BAH,NYSE,8742,PREM14A,2014-06-09,,,,,,,,,,,,,,,,no_announcement_found
6951-2014-05-14,6951,APPLIED MATERIALS INC /DE,AMAT,AMAT,Nasdaq,3674,DEFM14A,2014-05-14,,,,,,,,,,,,,,,,no_announcement_found
1553079-2014-05-08,1553079,"Empire State Realty OP, L.P.",ESBA,ESBA|FISK|OGCP,NYSE,6798,SC 14D9,2014-05-08,,,,,,,,,,,,,,,,no_announcement_found
82473-2014-04-21,82473,INNSUITES HOSPITALITY TRUST,IHT,IHT,NYSE,6798,PREM14A,2014-04-21,,,,,,,,,,,,,,,,no_announcement_found
832988-2014-04-17,832988,SIGNET JEWELERS LTD,SIG,SIG,NYSE,5944,PREM14A,2014-04-17,DEFA14A,0001193125-14-060287,2014-02-20T13:26:05-05:00,2014-02-19,2014-02-19T17:14:07-05:00,cash,21.0,,,,,,,21.0,3,ok
745308-2013-12-11,745308,ST JOE CO,JOE,JOE,NYSE,6552,PREM14A,2013-12-11,,,,,,,,,,,,,,,,no_announcement_found
923796-2013-11-08,923796,GEO GROUP INC,GEO,GEO,NYSE,1520,PREM14A,2013-11-08,,,,,,,,,,,,,,,,no_announcement_found
1493761-2013-11-04,1493761,Parametric Sound Corp,TBCH,TBCH,Nasdaq,3669,PREM14A,2013-11-04,DEFA14A,0001019687-13-002866,2013-08-05T17:25:54-04:00,2013-08-05,2013-08-05T17:25:54-04:00,,,,,,,,,,3,no_terms
732712-2013-10-08,732712,VERIZON COMMUNICATIONS INC,VZ,VZ,NYSE,4813,PREM14A,2013-10-08,,,,,,,,,,,,,,,,no_announcement_found
748268-2013-10-07,748268,BROADLEAF CAPITAL PARTNERS INC,RCAT,RCAT,Nasdaq,7372,DEFM14A,2013-10-07,,,,,,,,,,,,,,,,no_announcement_found
1499961-2013-09-27,1499961,"Net Element International, Inc.",BINI,BINI,OTC,3711,PREM14A,2013-09-27,,,,,,,,,,,,,,,,no_announcement_found
1616862-2026-07-23,1616862,Axalta Coating Systems Ltd.,AXTA,AXTA,NYSE,2851,425,2026-07-23,,,,,,,,,,,,,,,,no_announcement_found
2024203-2026-07-23,2024203,Cayson Acquisition Corp,CAPN,CAPN|CAPNR|CAPNU,Nasdaq,6770,425,2026-07-23,,,,,,,,,,,,,,,,spac
1834032-2026-07-23,1834032,Constellation Acquisition Corp I,CSTAF,CSTAF|CSTUF|CSTWF,OTC,6770,425,2026-07-23,,,,,,,,,,,,,,,,spac
903129-2026-07-23,903129,Gentherm Inc,THRM,THRM,Nasdaq,3714,425,2026-07-23,,,,,,,,,,,,,,,,no_announcement_found
63754-2026-07-23,63754,MCCORMICK & CO INC,MKC,MKC|MKC-V,NYSE,2090,425,2026-07-23,,,,,,,,,,,,,,,,no_announcement_found
2041208-2026-07-23,2041208,Plum III Merger Corp.,TREO,TREO,Nasdaq,1000,425,2026-07-23,,,,,,,,,,,,,,,,no_announcement_found
356171-2026-07-23,356171,TRICO BANCSHARES /,TCBK,TCBK,Nasdaq,6022,425,2026-07-23,8-K,0001104659-26-082851,2026-07-13T07:12:16-04:00,2026-07-13,2026-07-13T07:12:16-04:00,stock,,2.095,,,,,FHB|TCBK,,3,ok
217410-2026-07-23,217410,UNILEVER PLC,UL,UL|UNLYF,NYSE,2840,425,2026-07-23,,,,,,,,,,,,,,,,no_announcement_found
2134552-2026-07-23,2134552,US Elemental Inc.,ULIT,ULIT,,1400,425,2026-07-23,,,,,,,,,,,,,,,,no_announcement_found
906013-2026-07-23,906013,ALLIANCEBERNSTEIN GLOBAL HIGH INCOME FUND INC,AWF,AWF,NYSE,,DEFA14A,2026-07-23,,,,,,,,,,,,,,,,no_announcement_found
1162027-2026-07-23,1162027,ALLIANCEBERNSTEIN NATIONAL MUNICIPAL INCOME FUND,AFB,AFB,NYSE,,DEFA14A,2026-07-23,,,,,,,,,,,,,,,,no_announcement_found
1753539-2026-07-23,1753539,BlackSky Technology Inc.,BKSY,BKSY,NYSE,3663,DEFA14A,2026-07-23,,,,,,,,,,,,,,,,no_announcement_found
1433642-2026-07-23,1433642,Hamilton Lane INC,HLNE,HLNE,Nasdaq,6282,DEFA14A,2026-07-23,,,,,,,,,,,,,,,,no_announcement_found
1468492-2026-07-23,1468492,HeartSciences Inc.,HSCS,HSCS|HSCSW,Nasdaq,6199,DEFA14A,2026-07-23,,,,,,,,,,,,,,,,no_announcement_found
1083522-2026-07-23,1083522,JONES SODA CO.,JSDA,JSDA,OTC,2080,DEFA14A,2026-07-23,,,,,,,,,,,,,,,,no_announcement_found
1867072-2026-07-23,1867072,"Kyndryl Holdings, Inc.",KD,KD,NYSE,7373,DEFA14A,2026-07-23,,,,,,,,,,,,,,,,no_announcement_found
1032975-2026-07-23,1032975,LOGITECH INTERNATIONAL S.A.,LOGI,LOGI,Nasdaq,3577,DEFA14A,2026-07-23,,,,,,,,,,,,,,,,no_announcement_found
1367083-2026-07-23,1367083,"Sonoma Pharmaceuticals, Inc.",SNOA,SNOA,Nasdaq,3841,DEFA14A,2026-07-23,,,,,,,,,,,,,,,,no_announcement_found
99302-2026-07-23,99302,TRANSCAT INC,TRNS,TRNS,Nasdaq,3825,DEFA14A,2026-07-23,,,,,,,,,,,,,,,,no_announcement_found
1703079-2026-07-23,1703079,XAI Floating Rate & Alternative Income Trust,XFLT,XFLT,NYSE,,DEFA14A,2026-07-23,,,,,,,,,,,,,,,,no_announcement_found
2057030-2026-07-24,2057030,Axiom Intelligence Acquisition Corp 1,AXIN,AXIN|AXINR|AXINU,Nasdaq,6770,425,2026-07-24,,,,,,,,,,,,,,,,spac
834365-2026-07-24,834365,BIOLIFE SOLUTIONS INC,BLFS,BLFS,Nasdaq,3845,425,2026-07-24,8-K,0001628280-26-049232,2026-07-22T17:17:19-04:00,2026-07-22,2026-07-22T16:09:37-04:00,cash,11.25,,,,24.0,vwap,RGEN|BLFS,11.25,7,ok
2074973-2026-07-24,2074973,Churchill Capital Corp XI,CCXI,CCXI|CCXIU|CCXIW,Nasdaq,3569,425,2026-07-24,,,,,,,,,,,,,,,,no_announcement_found
715957-2026-07-24,715957,"DOMINION ENERGY, INC",D,D,NYSE,4911,425,2026-07-24,425,0001193125-26-227971,2026-05-18T08:18:13-04:00,2026-05-15,,stock,,0.8138,,,,,,,3,ok
36377-2026-07-24,36377,"FIRST HAWAIIAN, INC.",FHB,FHB,Nasdaq,6022,425,2026-07-24,8-K,0001104659-26-083898,2026-07-15T16:23:11-04:00,2026-07-15,2026-07-15T16:10:23-04:00,stock,,2.095,,,,,,,3,ok
753308-2026-07-24,753308,NEXTERA ENERGY INC,NEE,NEE|NEE-PN|NEE-PS|NEE-PT|NEE-PU|NEE-PV|NEE-PW,NYSE,4911,425,2026-07-24,,,,,,,,,,,,,,,,no_announcement_found
730272-2026-07-24,730272,REPLIGEN CORP,RGEN,RGEN,Nasdaq,2836,425,2026-07-24,425,0001193125-26-311411,2026-07-22T13:00:39-04:00,2026-07-21,,cash,31.0,,,,,,,31.0,3,ok
1840856-2026-07-24,1840856,"SOUNDHOUND AI, INC.",SOUN,SOUN|SOUNW,Nasdaq,7372,425,2026-07-24,8-K,0001213900-26-045987,2026-04-21T12:22:34-04:00,2026-04-21,2026-04-21T12:22:34-04:00,,,,,,22.0,vwap,SOUN|LPSN,,3,no_terms
1889112-2026-07-24,1889112,Cartesian Growth Corp II,RENEF,RENEF|REEUF|REEWF,OTC,6770,DEFA14A,2026-07-24,,,,,,,,,,,,,,,,spac
910521-2026-07-24,910521,DECKERS OUTDOOR CORP,DECK,DECK,NYSE,3021,DEFA14A,2026-07-24,,,,,,,,,,,,,,,,no_announcement_found
1022408-2026-07-24,1022408,EPLUS INC,PLUS,PLUS,Nasdaq,5045,DEFA14A,2026-07-24,,,,,,,,,,,,,,,,no_announcement_found
1302215-2026-07-24,1302215,"HOULIHAN LOKEY, INC.",HLI,HLI,NYSE,6282,DEFA14A,2026-07-24,,,,,,,,,,,,,,,,no_announcement_found
1078075-2026-07-24,1078075,NETSCOUT SYSTEMS INC,NTCT,NTCT,Nasdaq,7373,DEFA14A,2026-07-24,,,,,,,,,,,,,,,,no_announcement_found
1191070-2026-07-24,1191070,Neuphoria Therapeutics Inc.,NEUP,NEUP,Nasdaq,2834,DEFA14A,2026-07-24,8-K,0001213900-25-102607,2025-10-27T20:19:05-04:00,2025-10-27,2025-10-27T13:40:50-04:00,,,,,,,,NEUP,,3,no_terms
1795091-2026-07-24,1795091,OS Therapies Inc,OSTX,OSTX,NYSE,2834,DEFA14A,2026-07-24,8-K,0001213900-26-024726,2026-03-06T21:45:29-05:00,2026-03-06,2026-03-06T21:45:29-05:00,,,,,,,,,,3,no_terms
1141197-2026-07-24,1141197,PEDEVCO CORP,PED,PED,NYSE,1311,DEFA14A,2026-07-24,,,,,,,,,,,,,,,,no_announcement_found
1324948-2026-07-24,1324948,RBC Bearings INC,RBC,RBC,NYSE,3562,DEFA14A,2026-07-24,,,,,,,,,,,,,,,,no_announcement_found
2101833-2026-07-27,2101833,ATII Holdings Inc.,NANO,NANO,,3559,425,2026-07-27,,,,,,,,,,,,,,,,no_announcement_found
2028516-2026-07-27,2028516,Archimedes Tech SPAC Partners II Co.,ATII,ATII|ATIIU|ATIIW,Nasdaq,6770,425,2026-07-27,,,,,,,,,,,,,,,,spac
1318885-2026-07-27,1318885,DIANA SHIPPING INC.,DSX,DSX|DSX-PB|DSX-WT,NYSE,4412,425,2026-07-27,,,,,,,,,,,,,,,,no_announcement_found
1326200-2026-07-27,1326200,GENCO SHIPPING & TRADING LTD,GNK,GNK,NYSE,4412,425,2026-07-27,DEFA14A,0001140361-26-008269,2026-03-06T16:31:08-05:00,2026-03-06,2026-03-06T16:30:29-05:00,cash,23.5,,,,,,GNK,23.5,3,ok
1785424-2026-07-27,1785424,"Katapult Holdings, Inc.",KPLT,KPLT,Nasdaq,7359,425,2026-07-27,,,,,,,,,,,,,,,,no_announcement_found
1813452-2026-07-27,1813452,Planet 13 Holdings Inc.,PLNH,PLNH,OTC,0100,425,2026-07-27,8-K,0001437749-26-024458,2026-07-27T07:45:10-04:00,2026-07-27,2026-07-27T07:45:10-04:00,,,,,,16.6,vwap,VREOF|PLNH,,3,no_terms
2118032-2026-07-27,2118032,Research Alliance Corp III,RACC,RACC,Nasdaq,2834,425,2026-07-27,425,0001193125-26-316960,2026-07-27T08:24:10-04:00,2026-07-26,,,,,,,,,,,3,no_terms
2064953-2026-07-27,2064953,Solstice Advanced Materials Inc.,SOLS,SOLS,Nasdaq,2800,425,2026-07-27,8-K,0001213900-26-075618,2026-07-06T17:31:48-04:00,2026-07-06,2026-07-06T09:27:49-04:00,,,,,,,,,,3,no_terms
1926599-2026-07-27,1926599,Translational Development Acquisition Corp.,TDAC,TDAC|TDACU|TDACW,Nasdaq,6770,425,2026-07-27,,,,,,,,,,,,,,,,spac
1771706-2026-07-27,1771706,Vireo Growth Inc.,VREOF,VREOF,OTC,2834,425,2026-07-27,8-K,0001104659-25-125248,2025-12-30T16:29:56-05:00,2025-12-22,2025-12-22T00:15:32-05:00,,,,,,,,,,3,no_terms
866374-2026-07-27,866374,FLEX LTD.,FLEX,FLEX,Nasdaq,3672,DEFA14A,2026-07-27,,,,,,,,,,,,,,,,no_announcement_found
799195-2026-07-27,799195,LIBERTY ALL STAR EQUITY FUND,USA,USA,NYSE,,DEFA14A,2026-07-27,,,,,,,,,,,,,,,,no_announcement_found
2019793-2026-07-27,2019793,"XCF Global, Inc.",SAFX,SAFX,Nasdaq,2860,DEFA14A,2026-07-27,,,,,,,,,,,,,,,,no_announcement_found
1697862-2026-07-27,1697862,ARGENX SE,ARGX,ARGX,Nasdaq,2836,SC TO-C,2026-07-27,,,,,,,,,,,,,,,,no_announcement_found
2119292-2026-07-28,2119292,Bleichroeder Acquisition France Merger Sub 2,PSQL,PSQL|PSQLW,Nasdaq,7374,425,2026-07-28,,,,,,,,,,,,,,,,no_announcement_found
1590714-2026-07-28,1590714,Element Solutions Inc,ESI,ESI,NYSE,2890,425,2026-07-28,8-K,0001104659-26-080612,2026-07-06T09:13:10-04:00,2026-07-06,2026-07-06T09:13:10-04:00,stock,,0.5,,,15.0,close,SOLS|ESI,,3,ok
1897463-2026-07-28,1897463,Graf Global Corp.,TONT,TONT|TONT-UN|TONT-WT,NYSE,6770,425,2026-07-28,,,,,,,,,,,,,,,,spac
2137754-2026-07-28,2137754,Prologium Holding Inc.,PRLG,PRLG,,3690,425,2026-07-28,,,,,,,,,,,,,,,,no_announcement_found
1604778-2026-07-28,1604778,"Qorvo, Inc.",QRVO,QRVO,Nasdaq,3674,425,2026-07-28,,,,,,,,,,,,,,,,no_announcement_found
4127-2026-07-28,4127,"SKYWORKS SOLUTIONS, INC.",SWKS,SWKS,Nasdaq,3674,425,2026-07-28,,,,,,,,,,,,,,,,no_announcement_found
1162194-2026-07-28,1162194,STANDARD BIOTOOLS INC.,LAB,LAB,Nasdaq,2834,425,2026-07-28,8-K,0001104659-26-071195,2026-06-08T12:31:21-04:00,2026-06-08,2026-06-08T12:31:21-04:00,,,,True,50.0,,,LAB,,3,no_terms
2085659-2026-07-28,2085659,Silicon Valley Acquisition Corp.,SVAQ,SVAQ|SVAQU|SVAQW,Nasdaq,7372,425,2026-07-28,,,,,,,,,,,,,,,,spac
1690639-2026-07-28,1690639,VersaBank,VBNK,VBNK,Nasdaq,6029,425,2026-07-28,,,,,,,,,,,,,,,,no_announcement_found
915779-2026-07-28,915779,DAKTRONICS INC /SD/,DAKT,DAKT,Nasdaq,3990,DEFA14A,2026-07-28,,,,,,,,,,,,,,,,no_announcement_found
849399-2026-07-28,849399,Gen Digital Inc.,GEN,GEN|GENVR,Nasdaq,7372,DEFA14A,2026-07-28,,,,,,,,,,,,,,,,no_announcement_found
1444192-2026-07-28,1444192,"Grace Therapeutics, Inc.",GRCE,GRCE,Nasdaq,2834,DEFA14A,2026-07-28,,,,,,,,,,,,,,,,no_announcement_found
1696558-2026-07-28,1696558,"Jerash Holdings (US), Inc.",JRSH,JRSH,Nasdaq,2300,DEFA14A,2026-07-28,,,,,,,,,,,,,,,,no_announcement_found
1877184-2026-07-28,1877184,"KESTRA MEDICAL TECHNOLOGIES, LTD.",KMTS,KMTS,Nasdaq,3841,DEFA14A,2026-07-28,,,,,,,,,,,,,,,,no_announcement_found
2052959-2026-07-28,2052959,Lionsgate Studios Corp.,LION,LION,NYSE,7812,DEFA14A,2026-07-28,,,,,,,,,,,,,,,,no_announcement_found
1491419-2026-07-28,1491419,"LiveOne, Inc.",LVO,LVO,Nasdaq,5812,DEFA14A,2026-07-28,,,,,,,,,,,,,,,,no_announcement_found
1002047-2026-07-28,1002047,"NetApp, Inc.",NTAP,NTAP,Nasdaq,3572,DEFA14A,2026-07-28,,,,,,,,,,,,,,,,no_announcement_found
1940177-2026-07-28,1940177,"PodcastOne, Inc.",PODC,PODC,Nasdaq,7370,DEFA14A,2026-07-28,,,,,,,,,,,,,,,,no_announcement_found
2075320-2026-07-28,2075320,"Polaryx Therapeutics, Inc.",PLYX,PLYX,Nasdaq,2834,DEFA14A,2026-07-28,,,,,,,,,,,,,,,,no_announcement_found
740664-2026-07-28,740664,R F INDUSTRIES LTD,RFIL,RFIL,Nasdaq,3678,DEFA14A,2026-07-28,,,,,,,,,,,,,,,,no_announcement_found
1772720-2026-07-28,1772720,SPRUCE POWER HOLDING CORP,SPRU,SPRU,NYSE,4911,DEFA14A,2026-07-28,,,,,,,,,,,,,,,,no_announcement_found
1544227-2026-07-28,1544227,"Tempest Therapeutics, Inc.",TPST,TPST,Nasdaq,2834,DEFA14A,2026-07-28,,,,,,,,,,,,,,,,no_announcement_found
1410636-2026-07-29,1410636,"American Water Works Company, Inc.",AWK,AWK,NYSE,4941,425,2026-07-29,,,,,,,,,,,,,,,,no_announcement_found
2079253-2026-07-29,2079253,Apex Treasury Corp,APXT,APXT|APXTU|APXTW,Nasdaq,6770,425,2026-07-29,,,,,,,,,,,,,,,,spac
1576427-2026-07-29,1576427,Criteo S.A.,CRTO,CRTO,Nasdaq,7311,425,2026-07-29,,,,,,,,,,,,,,,,no_announcement_found
78128-2026-07-29,78128,"Essential Utilities, Inc.",WTRG,WTRG,NYSE,4941,425,2026-07-29,,,,,,,,,,,,,,,,no_announcement_found
1307954-2026-07-29,1307954,Huntsman CORP,HUN,HUN,NYSE,2800,425,2026-07-29,,,,,,,,,,,,,,,,no_announcement_found
2051985-2026-07-29,2051985,Iron Horse Acquisition II Corp.,IRHO,IRHO|IRHOR|IRHOU,Nasdaq,7389,425,2026-07-29,8-K,0001213900-26-046611,2026-04-22T16:15:17-04:00,2026-04-22,2026-04-22T16:15:17-04:00,,,,,,,,IRHO,,3,no_terms
1376339-2026-07-29,1376339,"MIMEDX GROUP, INC.",MDXG,MDXG,Nasdaq,3841,425,2026-07-29,425,0001376339-26-000073,2026-07-29T16:07:48-04:00,2026-07-29,2026-07-29T16:03:54-04:00,cash,33.0,,True,,,,,33.0,3,ok
1582554-2026-07-29,1582554,"Matinas BioPharma Holdings, Inc.",MTNB,MTNB,NYSE,2834,425,2026-07-29,8-K,0001493152-26-032938,2026-07-13T08:05:22-04:00,2026-07-13,2026-07-13T08:05:22-04:00,,,,,,,,MTNB,,5,no_terms
74303-2026-07-29,74303,OLIN Corp,OLN,OLN,NYSE,2800,425,2026-07-29,,,,,,,,,,,,,,,,no_announcement_found
319654-2026-07-29,319654,PERMIAN BASIN ROYALTY TRUST,PBT,PBT,NYSE,6792,425,2026-07-29,,,,,,,,,,,,,,,,no_announcement_found
1527599-2026-07-29,1527599,"SYNLOGIC, INC.",SYBX,SYBX,OTC,2834,425,2026-07-29,8-K,0001193125-26-322160,2026-07-29T07:19:48-04:00,2026-07-29,2026-07-29T07:19:48-04:00,,,,,,,,SYBX,,3,no_terms
2076192-2026-07-29,2076192,Westin Acquisition Corp,WSTN,WSTN|WSTNR|WSTNU,Nasdaq,8011,425,2026-07-29,,,,,,,,,,,,,,,,spac
1773383-2026-07-29,1773383,"Dynatrace, Inc.",DT,DT,NYSE,7372,DEFA14A,2026-07-29,,,,,,,,,,,,,,,,no_announcement_found
924805-2026-07-29,924805,Freedom Holding Corp.,FRHC,FRHC,Nasdaq,6211,DEFA14A,2026-07-29,,,,,,,,,,,,,,,,no_announcement_found
1714562-2026-07-29,1714562,"GameSquare Holdings, Inc.",GAME,GAME,Nasdaq,7900,DEFA14A,2026-07-29,,,,,,,,,,,,,,,,no_announcement_found
918251-2026-07-29,918251,MOTORCAR PARTS OF AMERICA INC,MPAA,MPAA,Nasdaq,3714,DEFA14A,2026-07-29,,,,,,,,,,,,,,,,no_announcement_found
1774170-2026-07-29,1774170,"Powerfleet, Inc.",AIOT,AIOT,Nasdaq,3669,DEFA14A,2026-07-29,,,,,,,,,,,,,,,,no_announcement_found
709283-2026-07-29,709283,QUANTUM CORP /DE/,QMCO,QMCO,Nasdaq,3572,DEFA14A,2026-07-29,,,,,,,,,,,,,,,,no_announcement_found
1737953-2026-07-29,1737953,"Replimune Group, Inc.",REPL,REPL,Nasdaq,2836,DEFA14A,2026-07-29,,,,,,,,,,,,,,,,no_announcement_found
1635088-2026-07-29,1635088,Roivant Sciences Ltd.,ROIV,ROIV,Nasdaq,2834,DEFA14A,2026-07-29,,,,,,,,,,,,,,,,no_announcement_found
2009312-2026-07-30,2009312,Aureus Greenway Holdings Inc,PUSA,PUSA,Nasdaq,7997,425,2026-07-30,8-K,0001493152-26-009265,2026-03-09T06:05:19-04:00,2026-03-09,2026-03-09T06:05:19-04:00,,,,,,,,,,3,no_terms
1471055-2026-07-30,1471055,Banco Santander (Brasil) S.A.,BSBR,BSBR,NYSE,6029,425,2026-07-30,,,,,,,,,,,,,,,,no_announcement_found
891478-2026-07-30,891478,"Banco Santander, S.A.",SAN,SAN|BCDRF,NYSE,6029,425,2026-07-30,,,,,,,,,,,,,,,,no_announcement_found
2088805-2026-07-30,2088805,Columbus Circle Capital Corp II,IPXG,IPXG|IPXGU|IPXGW,Nasdaq,7373,425,2026-07-30,,,,,,,,,,,,,,,,no_announcement_found
1889539-2026-07-30,1889539,"Corebridge Financial, Inc.",CRBG,CRBG|CRBD,NYSE,6311,425,2026-07-30,,,,,,,,,,,,,,,,no_announcement_found
906107-2026-07-30,906107,EQUITY RESIDENTIAL,VMRK,VMRK,NYSE,6798,425,2026-07-30,425,0001193125-26-233392,2026-05-21T07:19:08-04:00,2026-05-20,,,,,,,,,,,3,no_terms
1333986-2026-07-30,1333986,"Equitable Holdings, Inc.",EQH,EQH|EQH-PA|EQH-PC,NYSE,6411,425,2026-07-30,,,,,,,,,,,,,,,,no_announcement_found
2023676-2026-07-30,2023676,Launch Two Acquisition Corp.,LPBB,LPBB|LPBBU|LPBBW,Nasdaq,3443,425,2026-07-30,,,,,,,,,,,,,,,,spac
1938046-2026-07-30,1938046,"MANGOCEUTICALS, INC.",MGRX,MGRX,Nasdaq,8090,425,2026-07-30,,,,,,,,,,,,,,,,no_announcement_found
2025608-2026-07-30,2025608,Soulpower Acquisition Corp.,SOUL,SOUL|SOUL-RI|SOUL-UN,NYSE,6770,425,2026-07-30,,,,,,,,,,,,,,,,spac
1723128-2026-07-30,1723128,"Amneal Pharmaceuticals, Inc.",AMRX,AMRX,Nasdaq,2834,DEFA14A,2026-07-30,,,,,,,,,,,,,,,,no_announcement_found
17313-2026-07-30,17313,CAPITAL SOUTHWEST CORP,CSWC,CSWC,Nasdaq,,DEFA14A,2026-07-30,,,,,,,,,,,,,,,,no_announcement_found
1690012-2026-07-30,1690012,"InPoint Commercial Real Estate Income, Inc.",ICR-PA,ICR-PA|ICRL|ICRP,NYSE,6798,DEFA14A,2026-07-30,,,,,,,,,,,,,,,,no_announcement_found
1571949-2026-07-30,1571949,"Intercontinental Exchange, Inc.",ICE,ICE,NYSE,6200,DEFA14A,2026-07-30,8-K,0001193125-26-324909,2026-07-30T07:32:52-04:00,2026-07-30,2026-07-30T07:30:31-04:00,cash,167.0,,True,,33.0,close,ICE|MKTX,167.0,3,ok
1889983-2026-07-30,1889983,Keen Vision Acquisition Corp.,KVACF,KVACF|KVAUF|KVAWF,OTC,6770,DEFA14A,2026-07-30,,,,,,,,,,,,,,,,spac
1679273-2026-07-30,1679273,"Lamb Weston Holdings, Inc.",LW,LW,NYSE,2030,DEFA14A,2026-07-30,,,,,,,,,,,,,,,,no_announcement_found
66418-2026-07-30,66418,MEXCO ENERGY CORP,MXC,MXC,NYSE,1311,DEFA14A,2026-07-30,,,,,,,,,,,,,,,,no_announcement_found
1173420-2026-07-30,1173420,NOVAGOLD RESOURCES INC,NG,NG,NYSE,1040,DEFA14A,2026-07-30,,,,,,,,,,,,,,,,no_announcement_found
1487918-2026-07-30,1487918,OFS Capital Corp,OFS,OFS|OFSSH|OFSSO,Nasdaq,,DEFA14A,2026-07-30,,,,,,,,,,,,,,,,no_announcement_found
1372299-2026-07-30,1372299,"Ocugen, Inc.",OCGN,OCGN,Nasdaq,2836,DEFA14A,2026-07-30,,,,,,,,,,,,,,,,no_announcement_found
2059654-2026-07-31,2059654,Blue Acquisition Corp/Cayman,BACC,BACC|BACCR|BACCU,Nasdaq,6770,425,2026-07-31,,,,,,,,,,,,,,,,spac
2026767-2026-07-31,2026767,Calisa Acquisition Corp,ALIS,ALIS|ALISR|ALISU,Nasdaq,7374,425,2026-07-31,,,,,,,,,,,,,,,,spac
2028201-2026-07-31,2028201,Columbus Acquisition Corp/Cayman Islands,COLA,COLA|COLAR|COLAU,Nasdaq,6770,425,2026-07-31,,,,,,,,,,,,,,,,spac
26780-2026-07-31,26780,DANA Inc,DAN,DAN,NYSE,3714,425,2026-07-31,,,,,,,,,,,,,,,,no_announcement_found
2052162-2026-07-31,2052162,Digital Asset Acquisition Corp.,DAAQ,DAAQ|DAAQU|DAAQW,Nasdaq,6022,425,2026-07-31,,,,,,,,,,,,,,,,spac
1551182-2026-07-31,1551182,Eaton Corp plc,ETN,ETN,NYSE,3590,425,2026-07-31,8-K,0001140361-26-004227,2026-02-06T21:52:32-05:00,2026-02-06,2026-02-06T18:30:59-05:00,,,,,,,,,,3,no_terms
67347-2026-07-31,67347,MODINE MANUFACTURING CO,MOD,MOD,NYSE,3714,425,2026-07-31,,,,,,,,,,,,,,,,no_announcement_found
889348-2026-07-31,889348,CPI AEROSTRUCTURES INC,CVU,CVU,NYSE,3728,DEFA14A,2026-07-31,,,,,,,,,,,,,,,,no_announcement_found
65270-2026-07-31,65270,METHODE ELECTRONICS INC,MEI,MEI,NYSE,3678,DEFA14A,2026-07-31,,,,,,,,,,,,,,,,no_announcement_found
1282631-2026-07-31,1282631,NETLIST INC,NLST,NLST,OTC,3674,DEFA14A,2026-07-31,,,,,,,,,,,,,,,,no_announcement_found
2015947-2026-07-31,2015947,SilverBox Corp IV,SBXDF,SBXDF|SBXD,,6770,DEFA14A,2026-07-31,,,,,,,,,,,,,,,,spac
1411685-2026-07-31,1411685,"Vistagen Therapeutics, Inc.",VTGN,VTGN,Nasdaq,2834,DEFA14A,2026-07-31,,,,,,,,,,,,,,,,no_announcement_found
1289868-2026-07-31,1289868,XAI Madison Equity Premium Income Fund,MCN,MCN,NYSE,,DEFA14A,2026-07-31,,,,,,,,,,,,,,,,no_announcement_found
2081532-2026-08-03,2081532,Bluerock Acquisition Corp.,BLRK,BLRK|BLRKU|BLRKW,Nasdaq,6770,425,2026-08-03,,,,,,,,,,,,,,,,spac
1755237-2026-08-03,1755237,"Cyclerion Therapeutics, Inc.",KRSA,KRSA,Nasdaq,2834,425,2026-08-03,425,0001193125-26-137985,2026-04-01T20:25:21-04:00,2026-04-01,2026-04-01T20:12:49-04:00,,,,True,,,,,,3,no_terms
1625297-2026-08-03,1625297,"Indivior Pharmaceuticals, Inc.",INDV,INDV,Nasdaq,2834,425,2026-08-03,,,,,,,,,,,,,,,,no_announcement_found
2067592-2026-08-03,2067592,McKinley Acquisition Corp,MKLY,MKLY|MKLYR|MKLYU,Nasdaq,7372,425,2026-08-03,,,,,,,,,,,,,,,,spac
1918414-2026-08-03,1918414,Newbridge Acquisition Ltd,NBRG,NBRG|NBRGR|NBRGU,Nasdaq,7372,425,2026-08-03,,,,,,,,,,,,,,,,spac
2119416-2026-08-03,2119416,OpenPayd Global Holdings Ltd,OP,OP,,7389,425,2026-08-03,,,,,,,,,,,,,,,,no_announcement_found
76605-2026-08-03,76605,PATRICK INDUSTRIES INC,PATK,PATK,Nasdaq,3714,425,2026-08-03,,,,,,,,,,,,,,,,no_announcement_found
2030663-2026-08-03,2030663,Sizzle Acquisition Corp. II,SZZL,SZZL|SZZLR|SZZLU,Nasdaq,6770,425,2026-08-03,,,,,,,,,,,,,,,,spac
2031009-2026-08-03,2031009,Skyline Builders Group Holding Ltd,KAZR,KAZR,Nasdaq,1700,425,2026-08-03,,,,,,,,,,,,,,,,no_announcement_found
2009183-2026-08-03,2009183,Titan Acquisition Corp.,TACH,TACH|TACHU|TACHW,Nasdaq,6770,425,2026-08-03,,,,,,,,,,,,,,,,spac
1937993-2026-08-03,1937993,"Cadrenal Therapeutics, Inc.",CVKD,CVKD,Nasdaq,2834,DEFA14A,2026-08-03,,,,,,,,,,,,,,,,no_announcement_found
1851961-2026-08-03,1851961,"GCT Semiconductor Holding, Inc.",GCTS,GCTS|GCTS-WT,NYSE,3674,DEFA14A,2026-08-03,8-K,0000929638-25-004601,2025-12-15T16:36:03-05:00,2025-12-15,2025-12-15T16:36:03-05:00,,,,,,,,,,3,no_terms
736012-2026-08-03,736012,INTRUSION INC,INTZ,INTZ,Nasdaq,3576,DEFA14A,2026-08-03,,,,,,,,,,,,,,,,no_announcement_found
1176309-2026-08-03,1176309,ORAMED PHARMACEUTICALS INC.,ORMP,ORMP,Nasdaq,2834,DEFA14A,2026-08-03,8-K,0001213900-25-111298,2025-11-17T08:50:42-05:00,2025-11-17,2025-11-17T08:50:42-05:00,,,,,,,,ORMP,,3,no_terms
812796-2026-08-03,812796,"SOLIGENIX, INC.",SNGX,SNGX,Nasdaq,2834,DEFA14A,2026-08-03,,,,,,,,,,,,,,,,no_announcement_found
946581-2026-08-03,946581,TAKE TWO INTERACTIVE SOFTWARE INC,TTWO,TTWO,Nasdaq,7372,DEFA14A,2026-08-03,,,,,,,,,,,,,,,,no_announcement_found
1921865-2026-08-04,1921865,ASP Isotopes Inc.,ASPI,ASPI,Nasdaq,2890,425,2026-08-04,,,,,,,,,,,,,,,,no_announcement_found
1681682-2026-08-04,1681682,ENDRA Life Sciences Inc.,NDRA,NDRA,Nasdaq,3845,425,2026-08-04,8-K,0001213900-26-072268,2026-06-26T06:10:17-04:00,2026-06-26,2026-06-26T06:10:17-04:00,,,,,,,,ASPI|NDRA,,3,no_terms
2048948-2026-08-04,2048948,New Providence Acquisition Corp. III/Cayman,NPAC,NPAC|NPACU|NPACW,Nasdaq,6770,425,2026-08-04,,,,,,,,,,,,,,,,spac
1661059-2026-08-04,1661059,"NextCure, Inc.",NXTC,NXTC,Nasdaq,2834,425,2026-08-04,8-K,0001104659-26-083326,2026-07-14T07:00:58-04:00,2026-07-14,2026-07-14T07:00:58-04:00,,,,True,,,,NXTC|AKRO,,3,no_terms
1738699-2026-08-04,1738699,Wisekey International Holding S.A.,WKEY,WKEY|WSKEF,Nasdaq,7374,425,2026-08-04,,,,,,,,,,,,,,,,no_announcement_found
2111860-2026-08-04,2111860,"Xtend AI Robotics, Inc.",XTND,XTND,NYSE,3760,425,2026-08-04,,,,,,,,,,,,,,,,no_announcement_found
1750-2026-08-04,1750,AAR CORP,AIR,AIR,NYSE,3720,DEFA14A,2026-08-04,,,,,,,,,,,,,,,,no_announcement_found
1615219-2026-08-04,1615219,Decoy Therapeutics Inc.,DCOY,DCOY,Nasdaq,2834,DEFA14A,2026-08-04,,,,,,,,,,,,,,,,no_announcement_found
2089283-2026-08-04,2089283,Eagle Nuclear Energy Corp.,NUCL,NUCL|NUCLW,Nasdaq,1090,DEFA14A,2026-08-04,,,,,,,,,,,,,,,,no_announcement_found
733269-2026-08-04,733269,"LiveRamp Holdings, Inc.",RAMP,RAMP,NYSE,7374,DEFA14A,2026-08-04,8-K,0001104659-26-062908,2026-05-18T06:04:40-04:00,2026-05-17,,cash,38.5,,,,30.0,close,RAMP,38.5,7,ok
1845815-2026-08-04,1845815,Payoneer Global Inc.,PAYO,PAYO,Nasdaq,7389,DEFA14A,2026-08-04,8-K,0000950103-26-008945,2026-06-15T08:10:48-04:00,2026-06-15,2026-06-15T08:10:48-04:00,cash,7.4,,,,,,PAYO,7.4,5,ok
3124-2026-08-05,3124,AKZO NOBEL NV,AKZOY,AKZOY|AKZOF,OTC,2800,425,2026-08-05,,,,,,,,,,,,,,,,no_announcement_found
1526113-2026-08-05,1526113,"Global Net Lease, Inc.",GNL,GNL|GNL-PA|GNL-PB|GNL-PD|GNL-PE,NYSE,6798,425,2026-08-05,,,,,,,,,,,,,,,,no_announcement_found
763744-2026-08-05,763744,LCI INDUSTRIES,LCII,LCII,NYSE,3714,425,2026-08-05,,,,,,,,,,,,,,,,no_announcement_found
1849635-2026-08-05,1849635,Trump Media & Technology Group Corp.,DJT,DJT|DJTWW,Nasdaq,7370,425,2026-08-05,8-K,0001140361-25-046056,2025-12-18T17:08:16-05:00,2025-12-18,2025-12-18T08:15:18-05:00,,,,,,,,,,3,no_terms
1739445-2026-08-05,1739445,"Arcosa, Inc.",ACA,ACA,NYSE,3440,DEFA14A,2026-08-05,8-K,0001739445-26-000112,2026-06-22T07:21:11-04:00,2026-06-22,2026-06-22T07:21:11-04:00,cash,150.0,,,,25.0,vwap,CRH|ACA,150.0,5,ok
896156-2026-08-05,896156,ETHAN ALLEN INTERIORS INC,ETD,ETD,NYSE,2511,DEFA14A,2026-08-05,,,,,,,,,,,,,,,,no_announcement_found
1273441-2026-08-05,1273441,GRAN TIERRA ENERGY INC.,GTE,GTE,NYSE,1311,DEFA14A,2026-08-05,,,,,,,,,,,,,,,,no_announcement_found
1036044-2026-08-05,1036044,"Identiv, Inc.",INVE,INVE,Nasdaq,3577,DEFA14A,2026-08-05,,,,,,,,,,,,,,,,no_announcement_found
1626450-2026-08-06,1626450,"Commerce.com, Inc.",CMRC,CMRC,Nasdaq,7372,425,2026-08-06,425,0001193125-26-149885,2026-04-09T17:25:01-04:00,2026-04-09,2026-04-09T17:25:01-04:00,,,,,,,,RZLV|CMRC,,3,no_terms
1418819-2026-08-06,1418819,Iridium Communications Inc.,IRDM,IRDM,Nasdaq,4899,425,2026-08-06,8-K,0001104659-26-078482,2026-06-29T07:09:00-04:00,2026-06-29,2026-06-29T07:09:00-04:00,cash,54.0,,,,,,RKLB|IRDM,54.0,3,ok
1782107-2026-08-06,1782107,"Onconetix, Inc.",ONCO,ONCO,Nasdaq,2834,425,2026-08-06,8-K,0001213900-26-015212,2026-02-12T08:12:49-05:00,2026-02-12,2026-02-12T08:12:49-05:00,,,,,,,,ONCO,,3,no_terms
1920294-2026-08-06,1920294,REZOLVE AI PLC,RZLV,RZLV|RZLVW,Nasdaq,7370,425,2026-08-06,,,,,,,,,,,,,,,,no_announcement_found
1206264-2026-08-06,1206264,SOMNIGROUP INTERNATIONAL INC.,SGI,SGI,NYSE,2510,425,2026-08-06,8-K,0001206264-26-000048,2026-04-13T16:03:05-04:00,2026-04-13,2026-04-13T06:53:34-04:00,,,,,,,,,,3,no_terms
1321741-2026-08-06,1321741,GLADSTONE INVESTMENT CORPORATION\DE,GAIN,GAIN|GAING|GAINI|GAINZ,Nasdaq,,DEFA14A,2026-08-06,,,,,,,,,,,,,,,,no_announcement_found
1159152-2026-08-06,1159152,James Hardie Industries plc,JHX,JHX|JHIUF,NYSE,3272,DEFA14A,2026-08-06,,,,,,,,,,,,,,,,no_announcement_found
1092796-2026-08-06,1092796,"SMITH & WESSON BRANDS, INC.",SWBI,SWBI,Nasdaq,3480,DEFA14A,2026-08-06,,,,,,,,,,,,,,,,no_announcement_found
1682220-2026-08-06,1682220,Sachem Capital Corp.,SACH,SACH|SACH-PA|SCCD|SCCE|SCCF|SCCG,NYSE,6798,DEFA14A,2026-08-06,,,,,,,,,,,,,,,,no_announcement_found
1812447-2026-08-06,1812447,Sky Quarry Inc.,SKYQ,SKYQ,Nasdaq,4955,DEFA14A,2026-08-06,,,,,,,,,,,,,,,,no_announcement_found
1606242-2026-08-06,1606242,Virtuix Holdings Inc.,VTIX,VTIX,Nasdaq,3577,DEFA14A,2026-08-06,,,,,,,,,,,,,,,,no_announcement_found
2102713-2026-08-07,2102713,Kensington Capital Acquisition Corp. VI,KCAC-UN,KCAC-UN|KCAC-WT|KCA-UN,NYSE,2810,425,2026-08-07,,,,,,,,,,,,,,,,spac
2108164-2026-08-07,2108164,"Pono Capital Four, Inc.",PONO,PONO|PONOR|PONOU,Nasdaq,6770,425,2026-08-07,,,,,,,,,,,,,,,,spac
1737927-2026-08-07,1737927,Canopy Growth Corp,CGC,CGC,Nasdaq,2833,DEFA14A,2026-08-07,,,,,,,,,,,,,,,,no_announcement_found
1870144-2026-08-07,1870144,"Cardio Diagnostics Holdings, Inc.",CDIO,CDIO|CDIOW,Nasdaq,2835,DEFA14A,2026-08-07,,,,,,,,,,,,,,,,no_announcement_found
56679-2026-08-07,56679,KORN FERRY,KFY,KFY,NYSE,7361,DEFA14A,2026-08-07,,,,,,,,,,,,,,,,no_announcement_found
1690680-2026-08-07,1690680,"NEWMARK GROUP, INC.",NMRK,NMRK,Nasdaq,6531,DEFA14A,2026-08-07,,,,,,,,,,,,,,,,no_announcement_found
866729-2026-08-07,866729,SCHOLASTIC CORP,SCHL,SCHL,Nasdaq,2731,DEFA14A,2026-08-07,,,,,,,,,,,,,,,,no_announcement_found
1591956-2026-08-07,1591956,Sphere 3D Corp.,DRK,DRK,Nasdaq,6199,DEFA14A,2026-08-07,8-K,0001062993-26-001384,2026-03-11T08:06:08-04:00,2026-03-05,,,,,,,,,ANY,,3,no_terms
1519061-2026-08-07,1519061,Trinseo PLC,TSEOQ,TSEOQ,OTC,2821,DEFA14A,2026-08-07,,,,,,,,,,,,,,,,no_announcement_found
1571776-2026-08-10,1571776,Cherry Hill Mortgage Investment Corp,CHMI,CHMI|CHMI-PB|CHMI-PA,NYSE,6798,425,2026-08-10,8-K,0001140361-26-031930,2026-08-10T06:46:05-04:00,2026-08-07,,mixed,0.93,0.3063,,,29.0,vwap,MITT|TPG|CHMI,0.41|0.52|0.93,3,ok
1754301-2026-08-10,1754301,Fox Corp,FOXA,FOXA|FOX,Nasdaq,4833,425,2026-08-10,8-K,0001193125-26-271101,2026-06-15T16:15:16-04:00,2026-06-15,2026-06-15T07:13:08-04:00,stock,,0.9693,,,,,,,3,ok
775215-2026-08-10,775215,"HBT Financial, Inc.",HBT,HBT,Nasdaq,6022,425,2026-08-10,,,,,,,,,,,,,,,,no_announcement_found
1846416-2026-08-10,1846416,Hennessy Capital Investment Corp. VII,ONEN,ONEN|HVII|HVIIR|HVIIU,Nasdaq,4911,425,2026-08-10,,,,,,,,,,,,,,,,no_announcement_found
1428439-2026-08-10,1428439,"ROKU, INC",ROKU,ROKU,Nasdaq,4841,425,2026-08-10,425,0001193125-26-270288,2026-06-15T11:16:53-04:00,2026-06-14,,mixed,96.0,0.9693,,,,,FOXA|ROKU,96.0,3,ok
1514281-2026-08-10,1514281,"TPG Mortgage Investment Trust, Inc.",MITT,MITT|MITN|MITP|MITT-PA|MITT-PB|MITT-PC,NYSE,6798,425,2026-08-10,,,,,,,,,,,,,,,,no_announcement_found
1725262-2026-08-10,1725262,"Tri-County Financial Group, Inc.",TYFG,TYFG,OTC,6022,425,2026-08-10,8-K,0001493152-26-036754,2026-08-10T08:40:34-04:00,2026-08-10,2026-08-10T08:38:15-04:00,mixed,71.01,2.4589,True,,,,HBT|TYFG,71.01,3,ok
1855509-2026-08-10,1855509,"Twin Vee PowerCats, Co.",VEEE,VEEE,Nasdaq,3730,425,2026-08-10,8-K,0001731122-26-000931,2026-07-13T09:26:20-04:00,2026-07-12,,,,,True,,,,VEEE,,3,no_terms
1411579-2026-08-10,1411579,"AMC ENTERTAINMENT HOLDINGS, INC.",AMC,AMC,NYSE,7830,DEFA14A,2026-08-10,,,,,,,,,,,,,,,,no_announcement_found
1756390-2026-08-10,1756390,"Ascend Wellness Holdings, Inc.",AAWH,AAWH,OTC,2833,DEFA14A,2026-08-10,,,,,,,,,,,,,,,,no_announcement_found
1565381-2026-08-10,1565381,"BNY Mellon Municipal Bond Infrastructure Fund, Inc.",DMB,DMB,NYSE,,DEFA14A,2026-08-10,,,,,,,,,,,,,,,,no_announcement_found
940944-2026-08-10,940944,DARDEN RESTAURANTS INC,DRI,DRI,NYSE,5812,DEFA14A,2026-08-10,,,,,,,,,,,,,,,,no_announcement_found
1568194-2026-08-10,1568194,FS Credit Opportunities Corp.,FSCO,FSCO,NYSE,,DEFA14A,2026-08-10,,,,,,,,,,,,,,,,no_announcement_found
2079272-2026-08-10,2079272,Lakewood-Amedex Biotherapeutics Inc.,LABT,LABT,Nasdaq,2834,DEFA14A,2026-08-10,,,,,,,,,,,,,,,,no_announcement_found
276720-2026-08-10,276720,PURE CYCLE CORP,PCYO,PCYO,Nasdaq,4941,DEFA14A,2026-08-10,,,,,,,,,,,,,,,,no_announcement_found
1867949-2026-08-11,1867949,"Chicago Atlantic Real Estate Finance, Inc.",REFI,REFI,Nasdaq,6798,425,2026-08-11,,,,,,,,,,,,,,,,no_announcement_found
1819994-2026-08-11,1819994,Rocket Lab Corp,RKLB,RKLB,Nasdaq,3760,425,2026-08-11,,,,,,,,,,,,,,,,no_announcement_found
2131813-2026-08-11,2131813,newcleo Ltd.,NWCL,NWCL|NWCLW,Nasdaq,3443,425,2026-08-11,,,,,,,,,,,,,,,,no_announcement_found
1314052-2026-08-11,1314052,ANAVEX LIFE SCIENCES CORP.,AVXL,AVXL,Nasdaq,2836,DEFA14A,2026-08-11,,,,,,,,,,,,,,,,no_announcement_found
23217-2026-08-11,23217,CONAGRA BRANDS INC.,CAG,CAG,NYSE,2000,DEFA14A,2026-08-11,,,,,,,,,,,,,,,,no_announcement_found
914139-2026-08-11,914139,PARKERVISION INC,PRKR,PRKR,OTC,3663,DEFA14A,2026-08-11,,,,,,,,,,,,,,,,no_announcement_found
1653909-2026-08-11,1653909,"Smartbird, Inc.",BIRD,BIRD,Nasdaq,7374,DEFA14A,2026-08-11,,,,,,,,,,,,,,,,no_announcement_found
1097864-2026-08-12,1097864,ON SEMICONDUCTOR CORP,ON,ON,Nasdaq,3674,425,2026-08-12,8-K,0001140361-26-026395,2026-06-25T16:55:15-04:00,2026-06-25,2026-06-25T16:55:15-04:00,stock,,1.35,,,19.0,vwap,ON|SYNA,,3,ok
817720-2026-08-12,817720,SYNAPTICS Inc,SYNA,SYNA,Nasdaq,3674,425,2026-08-12,425,0001140361-26-026398,2026-06-25T16:59:15-04:00,2026-06-25,2026-06-25T16:59:15-04:00,stock,,1.35,,,19.0,vwap,ON|SYNA,,3,ok
96021-2026-08-12,96021,SYSCO CORP,SYY,SYY,NYSE,5140,425,2026-08-12,8-K,0000950142-26-000922,2026-03-30T17:38:57-04:00,2026-03-30,2026-03-30T06:38:55-04:00,,,,,,,,,,3,no_terms
1104038-2026-08-12,1104038,"VerifyMe, Inc.",OPNW,OPNW|VRME,Nasdaq,6199,425,2026-08-12,425,0001214659-26-001530,2026-02-12T13:10:13-05:00,2026-02-11,,,,,True,,,,,,3,no_terms
1634117-2026-08-12,1634117,"Barnes & Noble Education, Inc.",BNED,BNED,NYSE,5940,DEFA14A,2026-08-12,,,,,,,,,,,,,,,,no_announcement_found
1896212-2026-08-12,1896212,CDT Equity Inc.,CDT,CDT|CDTTW,Nasdaq,2834,DEFA14A,2026-08-12,,,,,,,,,,,,,,,,no_announcement_found
883569-2026-08-12,883569,"Fossil Group, Inc.",FOSL,FOSL,Nasdaq,3873,DEFA14A,2026-08-12,,,,,,,,,,,,,,,,no_announcement_found
1818093-2026-08-12,1818093,SkinHealth Systems Inc.,SKIN,SKIN,Nasdaq,3841,DEFA14A,2026-08-12,,,,,,,,,,,,,,,,no_announcement_found
2044009-2026-08-13,2044009,Armada Acquisition Corp. II,XRPN,XRPN|XRPNU|XRPNW,Nasdaq,6770,425,2026-08-13,,,,,,,,,,,,,,,,spac
1843162-2026-08-13,1843162,"Chicago Atlantic BDC, Inc.",LIEN,LIEN,Nasdaq,,425,2026-08-13,,,,,,,,,,,,,,,,no_announcement_found
1756770-2026-08-13,1756770,"Curaleaf Holdings, Inc.",CURLF,CURLF,OTC,2833,425,2026-08-13,,,,,,,,,,,,,,,,no_announcement_found
2000410-2026-08-13,2000410,Eureka Acquisition Corp,EURK,EURK|EURKR|EURKU,Nasdaq,4400,425,2026-08-13,,,,,,,,,,,,,,,,spac
2081300-2026-08-13,2081300,SPACSphere Acquisition Corp.,SSAC,SSAC|SSACR|SSACU|SSACW,Nasdaq,7372,425,2026-08-13,,,,,,,,,,,,,,,,spac
1884046-2026-08-13,1884046,Spark I Acquisition Corp,SPKL,SPKL|SPKLU|SPKLW,Nasdaq,3690,425,2026-08-13,,,,,,,,,,,,,,,,spac
1997350-2026-08-13,1997350,Accelerant Holdings,ARX,ARX,NYSE,6411,DEFA14A,2026-08-13,8-K,0001193125-26-347925,2026-08-13T07:57:39-04:00,2026-08-13,2026-08-13T07:57:39-04:00,cash,20.25,,,,49.0,close,ARX,20.25,5,ok
723603-2026-08-13,723603,CULP INC,CULP,CULP,Nasdaq,2211,DEFA14A,2026-08-13,,,,,,,,,,,,,,,,no_announcement_found
1706524-2026-08-13,1706524,"Flash Sports & Media Holdings, Inc.",FLZH,FLZH,OTC,7900,DEFA14A,2026-08-13,8-K,0001213900-26-017587,2026-02-17T19:44:49-05:00,2026-02-17,2026-02-17T11:21:47-05:00,,,,True,,,,UGRO,,5,no_terms
40704-2026-08-13,40704,GENERAL MILLS INC,GIS,GIS,NYSE,2040,DEFA14A,2026-08-13,,,,,,,,,,,,,,,,no_announcement_found
1948864-2026-08-13,1948864,HEALTHY CHOICE WELLNESS CORP.,HOST,HOST,NYSE,5411,DEFA14A,2026-08-13,8-K,0001493152-26-026419,2026-05-29T21:01:33-04:00,2026-05-29,2026-05-29T21:01:33-04:00,,,,,,,,,,3,no_terms
822663-2026-08-13,822663,INTERPARFUMS INC,IPAR,IPAR,Nasdaq,2844,DEFA14A,2026-08-13,,,,,,,,,,,,,,,,no_announcement_found
107140-2026-08-13,107140,"JOHN WILEY & SONS, INC.",WLY,WLY|WLYB,NYSE,2731,DEFA14A,2026-08-13,,,,,,,,,,,,,,,,no_announcement_found
1855467-2026-08-13,1855467,"MOBIX LABS, INC",MOBX,MOBX|MOBXW,Nasdaq,3674,DEFA14A,2026-08-13,,,,,,,,,,,,,,,,no_announcement_found
1757499-2026-08-13,1757499,"Shuttle Pharmaceuticals Holdings, Inc.",SHPH,SHPH,Nasdaq,2834,DEFA14A,2026-08-13,8-K,0001493152-25-025082,2025-11-26T12:28:39-05:00,2025-11-26,2025-11-26T12:28:39-05:00,,,,,,,,,,3,no_terms
108516-2026-08-13,108516,"WORTHINGTON ENTERPRISES, INC.",WOR,WOR,NYSE,3310,DEFA14A,2026-08-13,,,,,,,,,,,,,,,,no_announcement_found
2012807-2026-08-14,2012807,RF Acquisition Corp II,RFAI,RFAI|RFAIR|RFAIU,Nasdaq,6770,425,2026-08-14,,,,,,,,,,,,,,,,spac
799850-2026-08-14,799850,AMERICAS CARMART INC,CRMT,CRMT,Nasdaq,5500,DEFA14A,2026-08-14,,,,,,,,,,,,,,,,no_announcement_found
1808997-2026-08-14,1808997,"American Outdoor Brands, Inc.",AOUT,AOUT,Nasdaq,3949,DEFA14A,2026-08-14,,,,,,,,,,,,,,,,no_announcement_found
1533040-2026-08-14,1533040,Phio Pharmaceuticals Corp.,PHIO,PHIO,Nasdaq,2834,DEFA14A,2026-08-14,,,,,,,,,,,,,,,,no_announcement_found
1516551-2026-08-14,1516551,"Skye Bioscience, Inc.",SKYE,SKYE,Nasdaq,2834,DEFA14A,2026-08-14,,,,,,,,,,,,,,,,no_announcement_found
1968487-2026-08-14,1968487,"Worthington Steel, Inc.",WS,WS,NYSE,3310,DEFA14A,2026-08-14,,,,,,,,,,,,,,,,no_announcement_found
842717-2026-08-17,842717,"BLUE RIDGE BANKSHARES, INC.",BRBS,BRBS,NYSE,6022,425,2026-08-17,425,0001538263-26-000108,2026-08-17T08:32:23-04:00,2026-08-17,2026-08-17T08:32:23-04:00,stock,,0.086,,,,,HTB,,3,ok
1680581-2026-08-17,1680581,"Fulcrum Therapeutics, Inc.",FULC,FULC,Nasdaq,2834,425,2026-08-17,425,0001193125-26-353280,2026-08-17T08:31:39-04:00,2026-08-16,,,,,,,,,,,3,no_terms
1538263-2026-08-17,1538263,"HomeTrust Bancshares, Inc.",HTB,HTB,NYSE,6035,425,2026-08-17,,,,,,,,,,,,,,,,no_announcement_found
1835856-2026-08-17,1835856,Better Home & Finance Holding Co,BETR,BETR|BETRW,Nasdaq,6163,DEFA14A,2026-08-17,,,,,,,,,,,,,,,,no_announcement_found
1048911-2026-08-17,1048911,FEDEX CORP,FDX,FDX,NYSE,4513,DEFA14A,2026-08-17,,,,,,,,,,,,,,,,no_announcement_found
1613103-2026-08-17,1613103,Medtronic plc,MDT,MDT,NYSE,3845,DEFA14A,2026-08-17,,,,,,,,,,,,,,,,no_announcement_found
1378140-2026-08-17,1378140,"Ocean Power Technologies, Inc.",OPTT,OPTT,NYSE,4911,DEFA14A,2026-08-17,,,,,,,,,,,,,,,,no_announcement_found
2083785-2026-08-17,2083785,"Sunbelt Rentals Holdings, Inc.",SUNB,SUNB,NYSE,7359,DEFA14A,2026-08-17,,,,,,,,,,,,,,,,no_announcement_found
2028027-2026-08-18,2028027,Newbury Street II Acquisition Corp,NTWO,NTWO|NTWOU|NTWOW,Nasdaq,3620,425,2026-08-18,,,,,,,,,,,,,,,,spac
15847-2026-08-18,15847,BUTLER NATIONAL CORP,BUKS,BUKS,OTC,7990,DEFA14A,2026-08-18,,,,,,,,,,,,,,,,no_announcement_found
16160-2026-08-18,16160,CAL-MAINE FOODS INC,CALM,CALM,Nasdaq,0200,DEFA14A,2026-08-18,,,,,,,,,,,,,,,,no_announcement_found
2010653-2026-08-18,2010653,Future Vision II Acquisition Corp.,FVN,FVN|FVNNR|FVNNU,Nasdaq,7373,DEFA14A,2026-08-18,,,,,,,,,,,,,,,,spac
1919246-2026-08-18,1919246,Pelthos Therapeutics Inc.,PTHS,PTHS,NYSE,2836,DEFA14A,2026-08-18,,,,,,,,,,,,,,,,no_announcement_found
1621672-2026-08-18,1621672,"Super League Enterprise, Inc.",SLE,SLE,Nasdaq,7373,DEFA14A,2026-08-18,,,,,,,,,,,,,,,,no_announcement_found
1791942-2026-08-19,1791942,JBS N.V.,JBS,JBS,NYSE,2011,425,2026-08-19,6-K,0001213900-26-041590,2026-04-08T17:23:17-04:00,2026-04-08,2026-04-08T17:23:17-04:00,,,,,,,,,,3,no_terms
1139685-2026-08-19,1139685,"20/20 Biolabs, Inc.",AIDX,AIDX,Nasdaq,8734,DEFA14A,2026-08-19,,,,,,,,,,,,,,,,no_announcement_found
1130713-2026-08-19,1130713,"NEIGHBORHOOD INTELLIGENCE, INC.",NXH,NXH|BBBYW,Nasdaq,5961,DEFA14A,2026-08-19,8-K,0001140361-25-043247,2025-11-25T14:00:42-05:00,2025-11-25,2025-11-25T01:19:55-05:00,stock,,0.1993,,,,,,,3,ok
1971532-2026-08-19,1971532,"Telomir Pharmaceuticals, Inc.",TELO,TELO,Nasdaq,2834,DEFA14A,2026-08-19,,,,,,,,,,,,,,,,no_announcement_found
769218-2026-08-20,769218,AEGON LTD.,AEG,AEG|AEGOF|AEFC,NYSE,6311,425,2026-08-20,,,,,,,,,,,,,,,,no_announcement_found
2030482-2026-08-20,2030482,"Plum Acquisition Corp, IV",PLMK,PLMK|PLMKU|PLMKW,Nasdaq,4911,425,2026-08-20,,,,,,,,,,,,,,,,spac
1854270-2026-08-20,1854270,"Senti Biosciences Holdings, Inc.",SNTI,SNTI,Nasdaq,2836,DEFA14A,2026-08-20,,,,,,,,,,,,,,,,no_announcement_found
1785530-2026-08-21,1785530,"Werewolf Therapeutics, Inc.",HOWL,HOWL,Nasdaq,2834,425,2026-08-21,425,0001193125-26-360063,2026-08-21T09:12:48-04:00,2026-08-21,2026-08-21T09:10:29-04:00,,,,True,,,,,,3,no_terms
1506983-2026-08-21,1506983,"Glucotrack, Inc.",GCTK,GCTK,Nasdaq,3841,DEFA14A,2026-08-21,8-K,0001493152-26-033393,2026-07-15T17:20:18-04:00,2026-07-14,,,,,,,,,GCTK|APUS,,3,no_terms
2062583-2026-08-21,2062583,"MiniMed Group, Inc.",MMED,MMED|MMEDV,Nasdaq,3841,DEFA14A,2026-08-21,,,,,,,,,,,,,,,,no_announcement_found
711377-2026-08-21,711377,NEOGEN CORP,NEOG,NEOG,Nasdaq,2835,DEFA14A,2026-08-21,,,,,,,,,,,,,,,,no_announcement_found
355948-2026-08-21,355948,"RICHARDSON ELECTRONICS, LTD.",RELL,RELL,Nasdaq,5065,DEFA14A,2026-08-21,,,,,,,,,,,,,,,,no_announcement_found
1023459-2026-08-21,1023459,"Simulations Plus, Inc.",SLP,SLP,Nasdaq,7373,DEFA14A,2026-08-21,8-K,0001023459-26-000020,2026-06-16T09:00:11-04:00,2026-06-16,2026-06-16T09:00:11-04:00,cash,18.5,,,,26.0,vwap,SLP,18.5,7,ok
1447028-2026-08-21,1447028,Arbutus Biopharma Corp,ABUS,ABUS,Nasdaq,2834,SC TO-C,2026-08-21,,,,,,,,,,,,,,,,no_announcement_found
866829-2026-08-24,866829,HELIX ENERGY SOLUTIONS GROUP INC,HOS,HOS,NYSE,1389,425,2026-08-24,425,0001140361-26-016267,2026-04-23T08:56:06-04:00,2026-04-22,2026-04-22T18:48:35-04:00,stock,,10.27167,,,,,HLX,,3,ok
1385632-2026-08-24,1385632,Voya Asia Pacific High Dividend Equity Income Fund,IAE,IAE,NYSE,,425,2026-08-24,,,,,,,,,,,,,,,,no_announcement_found
1496292-2026-08-24,1496292,Voya Emerging Markets High Dividend Equity Fund,IHD,IHD,NYSE,,425,2026-08-24,,,,,,,,,,,,,,,,no_announcement_found
1019034-2026-08-24,1019034,BIO KEY INTERNATIONAL INC,BKYI,BKYI,Nasdaq,7372,DEFA14A,2026-08-24,,,,,,,,,,,,,,,,no_announcement_found
1659617-2026-08-24,1659617,"Moleculin Biotech, Inc.",MBRX,MBRX,Nasdaq,2834,DEFA14A,2026-08-24,,,,,,,,,,,,,,,,no_announcement_found
2067674-2026-08-24,2067674,SILVER BOW MINING CORP.,SBMT,SBMT,NYSE,1040,DEFA14A,2026-08-24,,,,,,,,,,,,,,,,no_announcement_found
1425355-2026-08-24,1425355,SUI Group Holdings Ltd.,SUIG,SUIG,Nasdaq,6199,DEFA14A,2026-08-24,8-K,0001140361-26-026330,2026-06-25T08:54:51-04:00,2026-06-25,2026-06-25T08:54:51-04:00,,,,,,,,SUIG,,3,no_terms
1960847-2026-08-24,1960847,Toppoint Holdings Inc.,TOPP,TOPP,NYSE,4210,DEFA14A,2026-08-24,,,,,,,,,,,,,,,,no_announcement_found
1970622-2026-08-24,1970622,"USA Rare Earth, Inc.",USAR,USAR,Nasdaq,1000,DEFA14A,2026-08-24,8-K,0001213900-26-023868,2026-03-05T12:17:37-05:00,2026-03-05,2026-03-05T12:17:37-05:00,,,,,,,,USAR|TMRC,,3,no_terms
2128045-2026-08-25,2128045,Bleichroeder Acquisition Corp. III,BCCQ,BCCQ|BCCQU|BCCQW,Nasdaq,6770,425,2026-08-25,,,,,,,,,,,,,,,,spac
714310-2026-08-25,714310,VALLEY NATIONAL BANCORP,VLY,VLY|VLYPP|VLYPO|VLYPN,Nasdaq,6021,425,2026-08-25,,,,,,,,,,,,,,,,no_announcement_found
842023-2026-08-25,842023,BIO-TECHNE Corp,TECH,TECH,Nasdaq,2836,DEFA14A,2026-08-25,8-K,0001999371-26-013429,2026-06-25T08:21:30-04:00,2026-06-25,2026-06-25T08:21:30-04:00,cash,73.0,,,,36.0,vwap,TECH,73.0,3,ok
1729427-2026-08-25,1729427,"CNS Pharmaceuticals, Inc.",CNSP,CNSP,Nasdaq,2834,DEFA14A,2026-08-25,,,,,,,,,,,,,,,,no_announcement_found
110621-2026-08-25,110621,RPM INTERNATIONAL INC/DE/,RPM,RPM,NYSE,2851,DEFA14A,2026-08-25,,,,,,,,,,,,,,,,no_announcement_found
2070887-2026-08-26,2070887,Crown Reserve Acquisition Corp. I,CRAC,CRAC|CRACR|CRACU|CRACW,Nasdaq,6770,425,2026-08-26,,,,,,,,,,,,,,,,spac
2059165-2026-08-26,2059165,STARRY SEA ACQUISITION CORP,SSEA,SSEA|SSEAR|SSEAU,Nasdaq,6770,425,2026-08-26,,,,,,,,,,,,,,,,spac
1213037-2026-08-26,1213037,"Cardiff Oncology, Inc.",CRDF,CRDF,Nasdaq,2836,DEFA14A,2026-08-26,,,,,,,,,,,,,,,,no_announcement_found
1349706-2026-08-26,1349706,"TurnOnGreen, Inc.",TOGI,TOGI|TOGIW,OTC,3690,DEFA14A,2026-08-26,,,,,,,,,,,,,,,,no_announcement_found
1570827-2026-08-26,1570827,"Victory Capital Holdings, Inc.",VCTR,VCTR,Nasdaq,6282,DEFA14A,2026-08-26,,,,,,,,,,,,,,,,no_announcement_found
2087087-2026-08-27,2087087,Black Spade Acquisition III Co,BIII,BIII|BIII-UN|BIII-WT,NYSE,6770,425,2026-08-27,,,,,,,,,,,,,,,,spac
2080023-2026-08-27,2080023,Viking Acquisition Corp I,VACI,VACI|VACI-UN|VACI-WT,NYSE,4899,425,2026-08-27,,,,,,,,,,,,,,,,spac
1707753-2026-08-27,1707753,Elastic N.V.,ESTC,ESTC,NYSE,7372,DEFA14A,2026-08-27,,,,,,,,,,,,,,,,no_announcement_found
27093-2026-08-27,27093,U.S. GOLD CORP.,USAU,USAU,Nasdaq,1000,DEFA14A,2026-08-27,,,,,,,,,,,,,,,,no_announcement_found
1782303-2026-08-28,1782303,"Boundless Bio, Inc.",BOLD,BOLD,Nasdaq,2834,425,2026-08-28,425,0001193125-26-278575,2026-06-23T08:35:20-04:00,2026-06-22,,,,,,,,,,,3,no_terms
1978867-2026-08-28,1978867,Cadeler A/S,CDLR,CDLR,NYSE,4412,425,2026-08-28,,,,,,,,,,,,,,,,no_announcement_found
714562-2026-08-28,714562,FIRST FINANCIAL CORP /IN/,THFF,THFF,Nasdaq,6022,425,2026-08-28,8-K,0000714562-26-000056,2026-08-27T13:49:04-04:00,2026-08-27,2026-08-27T13:49:04-04:00,stock,,0.5727,,,,,THFF,,3,ok
2025341-2026-08-28,2025341,Andretti Acquisition Corp. II,POLE,POLE|POLEU|POLEW,Nasdaq,6770,DEFA14A,2026-08-28,,,,,,,,,,,,,,,,spac
1577526-2026-08-28,1577526,"C3.ai, Inc.",AI,AI,NYSE,7372,DEFA14A,2026-08-28,,,,,,,,,,,,,,,,no_announcement_found
771856-2026-08-28,771856,"CHAMPIONS ONCOLOGY, INC.",CSBR,CSBR,Nasdaq,2836,DEFA14A,2026-08-28,,,,,,,,,,,,,,,,no_announcement_found
1898496-2026-08-28,1898496,"Getty Images Holdings, Inc.",GETY,GETY,NYSE,7389,DEFA14A,2026-08-28,,,,,,,,,,,,,,,,no_announcement_found
1058811-2026-08-28,1058811,IMMERSION CORP,IMMR,IMMR,Nasdaq,3577,DEFA14A,2026-08-28,,,,,,,,,,,,,,,,no_announcement_found
56701-2026-08-28,56701,KOSS CORP,KOSS,KOSS,Nasdaq,3651,DEFA14A,2026-08-28,,,,,,,,,,,,,,,,no_announcement_found
66382-2026-08-28,66382,"MILLERKNOLL, INC.",MLKN,MLKN,Nasdaq,2520,DEFA14A,2026-08-28,,,,,,,,,,,,,,,,no_announcement_found
80424-2026-08-28,80424,PROCTER & GAMBLE Co,PG,PG,NYSE,2840,DEFA14A,2026-08-28,,,,,,,,,,,,,,,,no_announcement_found
1697851-2026-08-28,1697851,"Rekor Systems, Inc.",REKR,REKR,Nasdaq,3669,DEFA14A,2026-08-28,,,,,,,,,,,,,,,,no_announcement_found
1852019-2026-08-31,1852019,IX Acquisition Corp.,IXAQF,IXAQF|IXQUF|IXQWF,OTC,4899,425,2026-08-31,,,,,,,,,,,,,,,,spac
1840416-2026-08-31,1840416,Sono Group N.V.,SSM,SSM,Nasdaq,6199,425,2026-08-31,,,,,,,,,,,,,,,,no_announcement_found
1515139-2026-08-31,1515139,WASTE ENERGY CORP.,WAST,WAST,OTC,7389,DEFA14A,2026-08-31,,,,,,,,,,,,,,,,no_announcement_found
1736243-2026-09-01,1736243,"Acurx Pharmaceuticals, Inc.",ACXP,ACXP,Nasdaq,2834,DEFA14A,2026-09-01,,,,,,,,,,,,,,,,no_announcement_found
1500435-2026-09-01,1500435,"GoPro, Inc.",GPRO,GPRO,Nasdaq,3861,DEFA14A,2026-09-01,8-K,0001628280-26-059839,2026-09-01T16:17:39-04:00,2026-09-01,2026-09-01T16:17:39-04:00,cash,1.14,,,,,,GPRO,1.14,3,ok
2052547-2026-09-02,2052547,EGH Acquisition Corp.,EGHA,EGHA|EGHAR|EGHAU,Nasdaq,6770,425,2026-09-02,,,,,,,,,,,,,,,,spac
1080657-2026-09-02,1080657,"Presidio Property Trust, Inc.",SQFT,SQFT|SQFTP|SQFTW,Nasdaq,6798,425,2026-09-02,,,,,,,,,,,,,,,,no_announcement_found
1840877-2026-09-02,1840877,"Envoy Medical, Inc.",COCH,COCH|COCHW,Nasdaq,3842,DEFA14A,2026-09-02,,,,,,,,,,,,,,,,no_announcement_found
1827899-2026-09-03,1827899,Crown PropTech Acquisitions,CPTKW,CPTKW,OTC,5072,425,2026-09-03,,,,,,,,,,,,,,,,no_announcement_found
1227500-2026-09-03,1227500,EQUITY BANCSHARES INC,EQBK,EQBK,NYSE,6022,425,2026-09-03,,,,,,,,,,,,,,,,no_announcement_found
2052373-2026-09-03,2052373,Mkango Rare Earths Ltd,MKAR,MKAR,,1040,425,2026-09-03,,,,,,,,,,,,,,,,no_announcement_found
897421-2026-09-03,897421,NUVEEN VIRGINIA QUALITY MUNICIPAL INCOME FUND,NPV,NPV,NYSE,,425,2026-09-03,,,,,,,,,,,,,,,,no_announcement_found
1607997-2026-09-03,1607997,Nuveen Minnesota Quality Municipal Income Fund,NMS,NMS,NYSE,,425,2026-09-03,,,,,,,,,,,,,,,,no_announcement_found
1137887-2026-09-03,1137887,Nuveen Municipal Credit Income Fund,NZF,NZF,NYSE,,425,2026-09-03,,,,,,,,,,,,,,,,no_announcement_found
1787297-2026-09-03,1787297,"Passage BIO, Inc.",PASG,PASG,Nasdaq,2836,425,2026-09-03,,,,,,,,,,,,,,,,no_announcement_found
2065661-2026-09-03,2065661,Plutonian Acquisition Corp. II,PLUN,PLUN|PLUN-RI|PLUN-UN,NYSE,6770,425,2026-09-03,,,,,,,,,,,,,,,,spac
2035016-2026-09-03,2035016,Ribbon Acquisition Corp.,RIBB,RIBB|RIBBR|RIBBU,Nasdaq,6770,425,2026-09-03,,,,,,,,,,,,,,,,spac
2033991-2026-09-03,2033991,Texas Ventures Acquisition III Corp,TVA,TVA|TVACU|TVACW,Nasdaq,6770,425,2026-09-03,,,,,,,,,,,,,,,,spac
2053927-2026-09-03,2053927,Wintergreen Acquisition Corp.,WTG,WTG|WTGUR|WTGUU,Nasdaq,7370,425,2026-09-03,,,,,,,,,,,,,,,,spac
1677940-2026-09-03,1677940,BeyondSpring Inc.,BYSI,BYSI,Nasdaq,2834,DEFA14A,2026-09-03,,,,,,,,,,,,,,,,no_announcement_found
1495222-2026-09-03,1495222,Oxford Lane Capital Corp.,OXLC,OXLC|OXLCM|OXLCO|OXLCG|OXLCI|OXLCL|OXLCN|OXLCZ,Nasdaq,,DEFA14A,2026-09-03,,,,,,,,,,,,,,,,no_announcement_found
882291-2026-09-04,882291,AETHLON MEDICAL INC,AEMD,AEMD,Nasdaq,3841,DEFA14A,2026-09-04,,,,,,,,,,,,,,,,no_announcement_found
1901336-2026-09-04,1901336,Alchemy Investments Acquisition Corp 1,ALCYF,ALCYF|ALCUF|ALCWF,OTC,6770,DEFA14A,2026-09-04,,,,,,,,,,,,,,,,spac
16058-2026-09-04,16058,CACI INTERNATIONAL INC /DE/,CACI,CACI,NYSE,7373,DEFA14A,2026-09-04,,,,,,,,,,,,,,,,no_announcement_found
1692415-2026-09-04,1692415,"Co-Diagnostics, Inc.",CODX,CODX,Nasdaq,3841,DEFA14A,2026-09-04,,,,,,,,,,,,,,,,no_announcement_found
1355848-2026-09-04,1355848,"Kartoon Studios, Inc.",TOON,TOON,NYSE,7812,DEFA14A,2026-09-04,,,,,,,,,,,,,,,,no_announcement_found
723531-2026-09-04,723531,PAYCHEX INC,PAYX,PAYX,Nasdaq,8700,DEFA14A,2026-09-04,,,,,,,,,,,,,,,,no_announcement_found
880641-2026-09-08,880641,EAGLE FINANCIAL SERVICES INC,EFSI,EFSI,Nasdaq,6022,425,2026-09-08,,,,,,,,,,,,,,,,no_announcement_found
1710482-2026-09-08,1710482,"John Marshall Bancorp, Inc.",JMSB,JMSB,Nasdaq,6022,425,2026-09-08,,,,,,,,,,,,,,,,no_announcement_found
2081468-2026-09-08,2081468,Meshflow Acquisition Corp,MESH,MESH|MESHU|MESHW,Nasdaq,6770,425,2026-09-08,,,,,,,,,,,,,,,,spac
2054876-2026-09-08,2054876,NMP Acquisition Corp.,NMP,NMP|NMPAR|NMPAU,Nasdaq,6770,425,2026-09-08,,,,,,,,,,,,,,,,spac
22701-2026-09-08,22701,"SUNation Energy, Inc.",SUNE,SUNE,Nasdaq,1700,425,2026-09-08,8-K,0001213900-26-066011,2026-06-08T06:51:01-04:00,2026-06-08,2026-06-08T06:16:04-04:00,,,,True,,100.0,close,SUNE,,3,no_terms
1829794-2026-09-08,1829794,Empery Digital Inc.,EMPD,EMPD,Nasdaq,6199,DEFA14A,2026-09-08,8-K,0001683168-26-005178,2026-06-30T12:31:14-04:00,2026-06-30,2026-06-30T12:31:14-04:00,,,,,,,,EMPD,,3,no_terms
1137789-2026-09-08,1137789,Seagate Technology Holdings plc,STX,STX,Nasdaq,3572,DEFA14A,2026-09-08,,,,,,,,,,,,,,,,no_announcement_found
936528-2026-09-08,936528,WAFD INC,WAFD,WAFD|WAFDP,Nasdaq,6021,DEFA14A,2026-09-08,,,,,,,,,,,,,,,,no_announcement_found
1675149-2026-09-09,1675149,Alcoa Corp,AA,AA,NYSE,3334,425,2026-09-09,,,,,,,,,,,,,,,,no_announcement_found
798359-2026-09-09,798359,CENTERSPACE,CSR,CSR,NYSE,6798,425,2026-09-09,425,0001140361-26-035987,2026-09-09T08:37:17-04:00,2026-09-08,,,,,True,,,,,,5,no_terms
1466085-2026-09-09,1466085,"INDEPENDENCE REALTY TRUST, INC.",IRT,IRT,NYSE,6798,425,2026-09-09,,,,,,,,,,,,,,,,no_announcement_found
1728328-2026-09-09,1728328,InMed Pharmaceuticals Inc.,INM,INM,Nasdaq,2834,425,2026-09-09,,,,,,,,,,,,,,,,no_announcement_found
2102041-2026-09-09,2102041,Inflection Point Acquisition Corp. VI,IPFX,IPFX|IPFXU|IPFXW,Nasdaq,6770,425,2026-09-09,,,,,,,,,,,,,,,,spac
1958777-2026-09-09,1958777,"FibroBiologics, Inc.",FBLG,FBLG,Nasdaq,2834,DEFA14A,2026-09-09,,,,,,,,,,,,,,,,no_announcement_found
1617242-2026-09-09,1617242,Kearny Financial Corp.,KRNY,KRNY,Nasdaq,6035,DEFA14A,2026-09-09,,,,,,,,,,,,,,,,no_announcement_found
2022416-2026-09-09,2022416,Silexion Therapeutics Corp,SLXN,SLXN|SLXNW,Nasdaq,2836,DEFA14A,2026-09-09,,,,,,,,,,,,,,,,no_announcement_found
703604-2026-09-10,703604,"Distribution Solutions Group, Inc.",DSGR,DSGR,Nasdaq,5080,DEFA14A,2026-09-10,8-K,0001193125-26-306263,2026-07-16T21:27:47-04:00,2026-07-16,2026-07-16T21:27:47-04:00,cash,35.0,,,,81.0,close,DSGR,35.0,3,ok
900075-2026-09-10,900075,COPART INC,CPRT,CPRT,Nasdaq,5500,SC TO-C,2026-09-10,SC TO-C,0001193125-26-388070,2026-09-10T17:20:43-04:00,2026-09-10,2026-09-10T16:16:04-04:00,,,,,,,,,,3,no_terms
2093524-2026-09-11,2093524,Aperture AC,APUR,APUR|APURR,Nasdaq,6770,425,2026-09-11,,,,,,,,,,,,,,,,spac
880406-2026-09-11,880406,"Herzfeld Credit Income Fund, Inc",HERZ,HERZ,Nasdaq,,SC TO-C,2026-09-11,,,,,,,,,,,,,,,,no_announcement_found
2028614-2026-09-14,2028614,Drugs Made In America Acquisition Corp.,DMAA,DMAA|DMAAR|DMAAU,Nasdaq,6770,425,2026-09-14,,,,,,,,,,,,,,,,spac
1617867-2026-09-14,1617867,"Autonomix Medical, Inc.",AMIX,AMIX,Nasdaq,3841,DEFA14A,2026-09-14,,,,,,,,,,,,,,,,no_announcement_found
1781755-2026-09-14,1781755,"Baldwin Insurance Group, Inc.",BWIN,BWIN,Nasdaq,6411,DEFA14A,2026-09-14,8-K,0000950103-26-013874,2026-09-14T09:19:14-04:00,2026-09-14,2026-09-14T09:19:14-04:00,cash,32.5,,True,,88.0,close,BWIN,32.5,3,ok
1850059-2026-09-15,1850059,Flag Ship Acquisition Corp,FSHP,FSHP|FSHPU|FSHPR,Nasdaq,6770,425,2026-09-15,,,,,,,,,,,,,,,,spac
1527753-2026-09-15,1527753,"Personalis, Inc.",PSNL,PSNL,Nasdaq,8071,425,2026-09-15,8-K,0001193125-26-308488,2026-07-20T09:18:31-04:00,2026-07-20,2026-07-20T09:18:31-04:00,stock,,0.3356,,,6.0,vwap,PSNL|TEM,,5,ok
40570-2026-09-15,40570,GEE Group Inc.,JOB,JOB,NYSE,7361,DEFA14A,2026-09-15,,,,,,,,,,,,,,,,no_announcement_found
2111542-2026-09-16,2111542,ACP Holdings Acquisition Corp.,ACGC,ACGC|ACGCU|ACGCW,Nasdaq,6770,425,2026-09-16,,,,,,,,,,,,,,,,spac
2033770-2026-09-16,2033770,"CID Holdco, Inc.",DAIC,DAIC|DAICW,Nasdaq,7373,DEFA14A,2026-09-16,,,,,,,,,,,,,,,,no_announcement_found
1590895-2026-09-17,1590895,"Caesars Entertainment, Inc.",CZR,CZR,Nasdaq,7011,DEFA14A,2026-09-17,8-K,0001193125-26-242995,2026-05-28T07:23:56-04:00,2026-05-28,2026-05-28T07:23:56-04:00,cash,31.0,,,,49.0,close,CZR,31.0,5,ok
706698-2026-09-17,706698,UTAH MEDICAL PRODUCTS INC,UTMD,UTMD,Nasdaq,3841,SC TO-C,2026-09-17,,,,,,,,,,,,,,,,no_announcement_found
1138723-2026-09-18,1138723,ACCURAY INC,ARAY,ARAY,Nasdaq,3841,DEFA14A,2026-09-18,,,,,,,,,,,,,,,,no_announcement_found
1894954-2026-09-18,1894954,"Expion Energy, Inc.",XPON,XPON,Nasdaq,3690,DEFA14A,2026-09-18,,,,,,,,,,,,,,,,no_announcement_found
1436126-2026-09-18,1436126,"Mistras Group, Inc.",MG,MG,NYSE,8711,DEFA14A,2026-09-18,8-K,0001140361-26-037107,2026-09-18T16:05:33-04:00,2026-09-17,,cash,20.35,,,,,,MG,20.35,3,ok
1998781-2026-09-21,1998781,IB Acquisition Corp.,IBAC,IBAC|IBACR,Nasdaq,8731,425,2026-09-21,,,,,,,,,,,,,,,,spac
1840780-2026-09-21,1840780,Local Bounti Corporation/DE,LOCL,LOCL|LOCLW,NYSE,0100,DEFA14A,2026-09-21,,,,,,,,,,,,,,,,no_announcement_found
1653558-2026-09-21,1653558,"Priority Technology Holdings, Inc.",PRTH,PRTH|PRTHU,Nasdaq,7389,DEFA14A,2026-09-21,8-K,0001213900-26-101651,2026-09-21T11:40:34-04:00,2026-09-21,2026-09-21T11:40:34-04:00,cash,8.05,,,,65.0,close,PRTH,8.05,3,ok
2121703-2026-09-22,2121703,FortuneX Acquisition Corp,FXAC,FXAC|FXACU|FXACW,Nasdaq,6770,425,2026-09-22,,,,,,,,,,,,,,,,spac
2036973-2026-09-24,2036973,UY Scuti Acquisition Corp.,UYSC,UYSC|UYSCR|UYSCU,Nasdaq,6770,425,2026-09-24,,,,,,,,,,,,,,,,spac
1005101-2026-09-24,1005101,"Marygold Companies, Inc.",MGLD,MGLD,NYSE,6199,DEFA14A,2026-09-24,,,,,,,,,,,,,,,,no_announcement_found
2000775-2026-09-25,2000775,Black Hawk Acquisition Corp,BKHA,BKHA|BKHAR|BKHAU,Nasdaq,2836,425,2026-09-25,,,,,,,,,,,,,,,,spac
1852207-2026-09-28,1852207,Bold Eagle Acquisition Corp.,BEAG,BEAG|BEAGR|BEAGU,Nasdaq,6770,425,2026-09-28,,,,,,,,,,,,,,,,spac
2087446-2026-09-28,2087446,Proem Acquisition Corp. I,PAAC,PAAC|PAACU|PAACW,Nasdaq,6770,425,2026-09-28,,,,,,,,,,,,,,,,spac
1005286-2026-09-28,1005286,"LIFECORE BIOMEDICAL, INC. \DE\",LFCR,LFCR,Nasdaq,2834,DEFA14A,2026-09-28,8-K,0001140361-26-037767,2026-09-28T08:53:40-04:00,2026-09-28,2026-09-28T08:53:40-04:00,cash,6.28,,True,160.0,49.5,close,LFCR,6.28,7,ok
2116105-2026-09-29,2116105,Futurewave Acquisition Corp,FWAC,FWAC|FWACR|FWACU|FWACW,Nasdaq,6770,425,2026-09-29,,,,,,,,,,,,,,,,spac
2042460-2026-09-29,2042460,Harvard Ave Acquisition Corp,HAVA,HAVA|HAVAR|HAVAU,Nasdaq,6770,425,2026-09-29,,,,,,,,,,,,,,,,spac
2137679-2026-09-30,2137679,OceanLight Acquisition Corp,OCLT,OCLT|OCLTR|OCLTU|OCLTW,Nasdaq,6770,425,2026-09-30,,,,,,,,,,,,,,,,spac
1785971-2026-10-01,1785971,BlackRock Health Sciences Term Trust,BMEZ,BMEZ,NYSE,,SC TO-C,2026-10-01,,,,,,,,,,,,,,,,no_announcement_found
1865248-2026-10-02,1865248,Piermont Valley Acquisition Corp,CMCAF,CMCAF|CMCUF|CMCWF,OTC,6770,425,2026-10-02,,,,,,,,,,,,,,,,spac
779152-2026-10-02,779152,JACK HENRY & ASSOCIATES INC,JKHY,JKHY,Nasdaq,7373,DEFA14A,2026-10-02,,,,,,,,,,,,,,,,no_announcement_found
1043277-2026-10-05,1043277,"C. H. ROBINSON WORLDWIDE, INC.",CHRW,CHRW,Nasdaq,4731,425,2026-10-05,425,0001193125-26-413211,2026-10-05T12:23:54-04:00,2026-10-05,2026-10-05T12:20:23-04:00,cash,17.25,,,,,,,17.25,3,ok
1929561-2026-10-05,1929561,"RXO, Inc.",RXO,RXO,NYSE,4700,425,2026-10-05,8-K,0001140361-26-038548,2026-10-05T12:17:10-04:00,2026-10-05,2026-10-05T12:17:10-04:00,cash,17.25,,,,27.0,vwap,CHRW|RXO,17.25|30.25,5,ok
857005-2026-10-05,857005,PTC INC.,PTC,PTC,Nasdaq,7372,DEFA14A,2026-10-05,8-K,0001193125-26-413124,2026-10-05T11:22:43-04:00,2026-10-05,2026-10-05T11:22:43-04:00,cash,205.0,,,,42.3,close,PTC,205.0,5,ok
